layer,dur,firstfix_dur,firstrun_dur,firstrun_nfix,nfix
0,0.2752050983159148,0.2382912352255822,0.2344861921735064,0.21539685045626628,0.2669870002499668
1,0.1484491032587805,0.11675634490931372,0.13193420327046726,0.1121297918315221,0.1359896042186848
2,0.026294566517146966,0.022221133467955838,0.031254240856242274,0.032253743701743144,0.02498232057394711
3,0.0,0.0,0.0,0.012827649995994426,0.0
4,0.012165193605971143,0.0,0.0,0.0,0.014228785753720103
5,0.2053228540512116,0.18456447170646556,0.20084304977812523,0.18110475612112747,0.19477723653138812
6,0.3220068803103492,0.28765890488012347,0.2931213424332943,0.25587697177517543,0.30862068200455905
7,0.27064049308373767,0.24468625990824275,0.2577241659044002,0.2245318535587532,0.25790128793205996
8,0.029449258558277014,0.019246099520429497,0.021641816671981343,0.022026670497849555,0.052412856247889286
9,0.11420018214760486,0.08874647469249906,0.08666269177583244,0.07880039071275838,0.1116827581870022
10,0.022891644756839552,0.05252861112528383,0.02374770122566593,0.023528675918550814,0.010780697410295904
11,0.01038740607288138,0.0,0.0,0.0,0.012250194197547096
