participant,layer,feature,correlation
1,0,dur,0.32754296688502066
1,1,dur,0.16156664920882202
1,2,dur,0.0
1,3,dur,0.0
1,4,dur,0.06082596802985571
1,5,dur,0.21146604881050107
1,6,dur,0.3794117849963029
1,7,dur,0.268839332602973
1,8,dur,0.08732471796178022
1,9,dur,0.13714236754949694
1,10,dur,0.0
1,11,dur,0.0519370303644069
1,0,firstfix_dur,0.2871318706715893
1,1,firstfix_dur,0.14389280312677108
1,2,firstfix_dur,0.0
1,3,firstfix_dur,0.0
1,4,firstfix_dur,0.0
1,5,firstfix_dur,0.1990119853962025
1,6,firstfix_dur,0.3203417102300298
1,7,firstfix_dur,0.24424082006974723
1,8,firstfix_dur,0.045583450943024816
1,9,firstfix_dur,0.10872780701469044
1,10,firstfix_dur,0.06326876275719255
1,11,firstfix_dur,0.0
1,0,firstrun_dur,0.3148325553837563
1,1,firstrun_dur,0.16335799882010948
1,2,firstrun_dur,0.04965449492659548
1,3,firstrun_dur,0.0
1,4,firstrun_dur,0.0
1,5,firstrun_dur,0.21349325343923448
1,6,firstrun_dur,0.3453754405351264
1,7,firstrun_dur,0.2647124996197444
1,8,firstrun_dur,0.047699583839974545
1,9,firstrun_dur,0.09635469791419533
1,10,firstrun_dur,0.058606019373608285
1,11,firstrun_dur,0.0
1,0,firstrun_nfix,0.29468254127526533
1,1,firstrun_nfix,0.1403003928431969
1,2,firstrun_nfix,0.0449417622264894
1,3,firstrun_nfix,0.0
1,4,firstrun_nfix,0.0
1,5,firstrun_nfix,0.18711901164317563
1,6,firstrun_nfix,0.3124366475240572
1,7,firstrun_nfix,0.21743759902927595
1,8,firstrun_nfix,0.05225651659956321
1,9,firstrun_nfix,0.09528531784727562
1,10,firstrun_nfix,0.05329320843761628
1,11,firstrun_nfix,0.0
1,0,nfix,0.3080923345615785
1,1,nfix,0.13164061032909014
1,2,nfix,0.0
1,3,nfix,0.0
1,4,nfix,0.07114392876860051
1,5,nfix,0.189389582915985
1,6,nfix,0.34911067567431064
1,7,nfix,0.2571689151844332
1,8,nfix,0.08908643821671736
1,9,nfix,0.12617434006635475
1,10,nfix,0.0
1,11,nfix,0.06125097098773548
26,0,dur,0.28895756496338737
26,1,dur,0.14106361467576978
26,2,dur,0.07824532442092841
26,3,dur,0.0
26,4,dur,0.0
26,5,dur,0.21281307598218188
26,6,dur,0.3082583622098417
26,7,dur,0.24330945123941242
26,8,dur,0.0
26,9,dur,0.09593089672520602
26,10,dur,0.05933836037105346
26,11,dur,0.0
26,0,firstfix_dur,0.24725914638779875
26,1,firstfix_dur,0.11628460292819291
26,2,firstfix_dur,0.04442004296521418
26,3,firstfix_dur,0.0
26,4,firstfix_dur,0.0
26,5,firstfix_dur,0.1646031078716781
26,6,firstfix_dur,0.2883298600670849
26,7,firstfix_dur,0.21689984276675717
26,8,firstfix_dur,0.0
26,9,firstfix_dur,0.08388602750486314
26,10,firstfix_dur,0.06935510709948328
26,11,firstfix_dur,0.0
26,0,firstrun_dur,0.24940278805986416
26,1,firstrun_dur,0.12462596952359795
26,2,firstrun_dur,0.0442006003651637
26,3,firstrun_dur,0.0
26,4,firstrun_dur,0.0
26,5,firstrun_dur,0.20982214872034088
26,6,firstrun_dur,0.29301866828411205
26,7,firstrun_dur,0.24196032812938942
26,8,firstrun_dur,0.0
26,9,firstrun_dur,0.0819849742236074
26,10,firstrun_dur,0.06013248675472136
26,11,firstrun_dur,0.0
26,0,firstrun_nfix,0.23635419901741883
26,1,firstrun_nfix,0.10268367214978044
26,2,firstrun_nfix,0.05250165969587712
26,3,firstrun_nfix,0.0
26,4,firstrun_nfix,0.0
26,5,firstrun_nfix,0.1740297311546784
26,6,firstrun_nfix,0.2622232343702732
26,7,firstrun_nfix,0.2151703330303686
26,8,firstrun_nfix,0.0
26,9,firstrun_nfix,0.0887419824812558
26,10,firstrun_nfix,0.06435017115513779
26,11,firstrun_nfix,0.0
26,0,nfix,0.2787768929293477
26,1,nfix,0.13226892425332337
26,2,nfix,0.07144232014061654
26,3,nfix,0.0
26,4,nfix,0.0
26,5,nfix,0.19622220581531688
26,6,nfix,0.290550448463083
26,7,nfix,0.22182207713480898
26,8,nfix,0.0
26,9,nfix,0.10810484326215304
26,10,nfix,0.053903487051479515
26,11,nfix,0.0
38,0,dur,0.28928677215148396
38,1,dur,0.16152645027097398
38,2,dur,0.0
38,3,dur,0.0
38,4,dur,0.0
38,5,dur,0.20220940827540163
38,6,dur,0.3495603125954149
38,7,dur,0.3390121143998836
38,8,dur,0.059921574829604835
38,9,dur,0.12679092875077078
38,10,dur,0.0
38,11,dur,0.0
38,0,firstfix_dur,0.22526987300877552
38,1,firstfix_dur,0.10319995911943752
38,2,firstfix_dur,0.0
38,3,firstfix_dur,0.0
38,4,firstfix_dur,0.0
38,5,firstfix_dur,0.19127011105501532
38,6,firstfix_dur,0.2957772119720579
38,7,firstfix_dur,0.30404064376355977
38,8,firstfix_dur,0.05064704665912267
38,9,firstfix_dur,0.1022247422485303
38,10,firstfix_dur,0.0723599099446489
38,11,firstfix_dur,0.0
38,0,firstrun_dur,0.21066812359880624
38,1,firstrun_dur,0.1254651069528601
38,2,firstrun_dur,0.0
38,3,firstrun_dur,0.0
38,4,firstrun_dur,0.0
38,5,firstrun_dur,0.19866163454377467
38,6,firstrun_dur,0.30790661205281716
38,7,firstrun_dur,0.29686840171894346
38,8,firstrun_dur,0.06050949951993217
38,9,firstrun_dur,0.0960412571741431
38,10,firstrun_dur,0.0
38,11,firstrun_dur,0.0
38,0,firstrun_nfix,0.17430419404251463
38,1,firstrun_nfix,0.0891118814551888
38,2,firstrun_nfix,0.0
38,3,firstrun_nfix,0.0
38,4,firstrun_nfix,0.0
38,5,firstrun_nfix,0.17609096173294847
38,6,firstrun_nfix,0.2343901950634174
38,7,firstrun_nfix,0.23373643095001123
38,8,firstrun_nfix,0.057876835889684564
38,9,firstrun_nfix,0.05261253173722378
38,10,firstrun_nfix,0.0
38,11,firstrun_nfix,0.0
38,0,nfix,0.2898321939237528
38,1,nfix,0.15671981143865288
38,2,nfix,0.0
38,3,nfix,0.0
38,4,nfix,0.0
38,5,nfix,0.19106477235963246
38,6,nfix,0.3432720023964383
38,7,nfix,0.3260364911800343
38,8,nfix,0.062290414771393535
38,9,nfix,0.11881364771522065
38,10,nfix,0.0
38,11,nfix,0.0
43,0,dur,0.24944811680896856
43,1,dur,0.16328419237183317
43,2,dur,0.053227508164806425
43,3,dur,0.0
43,4,dur,0.0
43,5,dur,0.2246174507310348
43,6,dur,0.2897660018503294
43,7,dur,0.2831788708368329
43,8,dur,0.0
43,9,dur,0.09428964545562506
43,10,dur,0.0551198634131443
43,11,dur,0.0
43,0,firstfix_dur,0.2600271791317836
43,1,firstfix_dur,0.15679118368037243
43,2,firstfix_dur,0.06668562437456502
43,3,firstfix_dur,0.0
43,4,firstfix_dur,0.0
43,5,firstfix_dur,0.2130948876959679
43,6,firstfix_dur,0.28359431801093876
43,7,firstfix_dur,0.2704821330540837
43,8,firstfix_dur,0.0
43,9,firstfix_dur,0.05705012024034823
43,10,firstfix_dur,0.057659275825094405
43,11,firstfix_dur,0.0
43,0,firstrun_dur,0.24978583096018853
43,1,firstrun_dur,0.16099513003094318
43,2,firstrun_dur,0.0624161089894522
43,3,firstrun_dur,0.0
43,4,firstrun_dur,0.0
43,5,firstrun_dur,0.21541218690700772
43,6,firstrun_dur,0.2753481209078074
43,7,firstrun_dur,0.28601584316601475
43,8,firstrun_dur,0.0
43,9,firstrun_dur,0.06700182650589431
43,10,firstrun_dur,0.0
43,11,firstrun_dur,0.0
43,0,firstrun_nfix,0.23207420495882286
43,1,firstrun_nfix,0.15799967211819815
43,2,firstrun_nfix,0.0638252965863492
43,3,firstrun_nfix,0.0
43,4,firstrun_nfix,0.0
43,5,firstrun_nfix,0.2299234123092982
43,6,firstrun_nfix,0.2521407222476781
43,7,firstrun_nfix,0.2678694869566907
43,8,firstrun_nfix,0.0
43,9,firstrun_nfix,0.07270145804878306
43,10,firstrun_nfix,0.0
43,11,firstrun_nfix,0.0
43,0,nfix,0.23323178123486948
43,1,nfix,0.15165065697148142
43,2,nfix,0.05346928272911902
43,3,nfix,0.0
43,4,nfix,0.0
43,5,nfix,0.22534578585791912
43,6,nfix,0.2759674112293567
43,7,nfix,0.26885754469087964
43,8,nfix,0.05667873467211357
43,9,nfix,0.09246330482792608
43,10,nfix,0.0
43,11,nfix,0.0
44,0,dur,0.22079007077071347
44,1,dur,0.11480460976650354
44,2,dur,0.0
44,3,dur,0.0
44,4,dur,0.0
44,5,dur,0.17550828645693856
44,6,dur,0.28303793989985704
44,7,dur,0.21886269633958638
44,8,dur,0.0
44,9,dur,0.11684707225692546
44,10,dur,0.0
44,11,dur,0.0
44,0,firstfix_dur,0.17176810692796388
44,1,firstfix_dur,0.06361317569179469
44,2,firstfix_dur,0.0
44,3,firstfix_dur,0.0
44,4,firstfix_dur,0.0
44,5,firstfix_dur,0.15484226651346397
44,6,firstfix_dur,0.250251424120506
44,7,firstfix_dur,0.18776785988706593
44,8,firstfix_dur,0.0
44,9,firstfix_dur,0.09184367645406322
44,10,firstfix_dur,0.0
44,11,firstfix_dur,0.0
44,0,firstrun_dur,0.14774166286491677
44,1,firstrun_dur,0.0852268110248256
44,2,firstrun_dur,0.0
44,3,firstrun_dur,0.0
44,4,firstrun_dur,0.0
44,5,firstrun_dur,0.16682602528026835
44,6,firstrun_dur,0.2439578703866085
44,7,firstrun_dur,0.19906375688790914
44,8,firstrun_dur,0.0
44,9,firstrun_dur,0.09193070306132202
44,10,firstrun_dur,0.0
44,11,firstrun_dur,0.0
44,0,firstrun_nfix,0.13956911298730962
44,1,firstrun_nfix,0.07055334059124624
44,2,firstrun_nfix,0.0
44,3,firstrun_nfix,0.06413824997997213
44,4,firstrun_nfix,0.0
44,5,firstrun_nfix,0.13836066376553657
44,6,firstrun_nfix,0.2181940596704513
44,7,firstrun_nfix,0.1884454178274196
44,8,firstrun_nfix,0.0
44,9,firstrun_nfix,0.08466066344925358
44,10,firstrun_nfix,0.0
44,11,firstrun_nfix,0.0
44,0,nfix,0.22500179860028544
44,1,nfix,0.1076680181008762
44,2,nfix,0.0
44,3,nfix,0.0
44,4,nfix,0.0
44,5,nfix,0.1718638357080871
44,6,nfix,0.28420287225960683
44,7,nfix,0.2156214114701437
44,8,nfix,0.05400869357922195
44,9,nfix,0.11285765506335643
44,10,nfix,0.0
44,11,nfix,0.0
