user,feature,layer,correlation
1,firstfix_dur,0,0.36616539155771854
1,firstfix_dur,1,0.3577066312381463
1,firstfix_dur,2,0.44354185004399616
1,firstfix_dur,3,0.21180296848195473
1,firstfix_dur,4,0.10517175270924137
1,firstfix_dur,5,0.0
1,firstfix_dur,6,0.0870589848433907
1,firstfix_dur,7,0.0
1,firstfix_dur,8,0.0
1,firstfix_dur,9,0.1274449351912345
1,firstfix_dur,10,0.06825240320983379
1,firstfix_dur,11,0.15117099622441685
1,firstrun_dur,0,0.41892785548688577
1,firstrun_dur,1,0.3879267110359556
1,firstrun_dur,2,0.45972502098914236
1,firstrun_dur,3,0.23546100373747328
1,firstrun_dur,4,0.11579573606956843
1,firstrun_dur,5,0.0
1,firstrun_dur,6,0.09915890361523295
1,firstrun_dur,7,0.0
1,firstrun_dur,8,0.0
1,firstrun_dur,9,0.1664776302039811
1,firstrun_dur,10,0.06376421930607075
1,firstrun_dur,11,0.14846139534854755
1,dur,0,0.4492680883808452
1,dur,1,0.4089188908736253
1,dur,2,0.5037118839280084
1,dur,3,0.23823585749266665
1,dur,4,0.0718134948461005
1,dur,5,0.048258552330915604
1,dur,6,0.14525523405182522
1,dur,7,0.0
1,dur,8,0.06962304793254634
1,dur,9,0.21799233740494434
1,dur,10,0.11560121503928067
1,dur,11,0.19011748704467277
1,firstrun_nfix,0,0.39646853036997537
1,firstrun_nfix,1,0.3571297372000003
1,firstrun_nfix,2,0.4117096458629772
1,firstrun_nfix,3,0.2163844150868175
1,firstrun_nfix,4,0.11092919722120353
1,firstrun_nfix,5,0.0
1,firstrun_nfix,6,0.09263411939757873
1,firstrun_nfix,7,0.0
1,firstrun_nfix,8,0.0
1,firstrun_nfix,9,0.16279602607650012
1,firstrun_nfix,10,0.06198748232264925
1,firstrun_nfix,11,0.13068401246404243
1,nfix,0,0.4277146731086808
1,nfix,1,0.3820079281864469
1,nfix,2,0.46829701380775096
1,nfix,3,0.21118552659879836
1,nfix,4,0.052128429370127176
1,nfix,5,0.05400596775002045
1,nfix,6,0.1455101592339707
1,nfix,7,0.04894858641419189
1,nfix,8,0.07421713591708129
1,nfix,9,0.21161232853959047
1,nfix,10,0.11921015628810304
1,nfix,11,0.18949040526179367
26,firstfix_dur,0,0.32048561437871537
26,firstfix_dur,1,0.31388420561355657
26,firstfix_dur,2,0.34030869535932085
26,firstfix_dur,3,0.17437664328032637
26,firstfix_dur,4,0.09038176416999122
26,firstfix_dur,5,0.0
26,firstfix_dur,6,0.048361441723133114
26,firstfix_dur,7,0.0
26,firstfix_dur,8,0.0
26,firstfix_dur,9,0.08073396275896788
26,firstfix_dur,10,0.0
26,firstfix_dur,11,0.06126873569247849
26,firstrun_dur,0,0.3577402962639008
26,firstrun_dur,1,0.3527129160954874
26,firstrun_dur,2,0.3754730203555657
26,firstrun_dur,3,0.18923249581980425
26,firstrun_dur,4,0.102245778993396
26,firstrun_dur,5,0.0
26,firstrun_dur,6,0.08246383612210609
26,firstrun_dur,7,0.0
26,firstrun_dur,8,0.0
26,firstrun_dur,9,0.13343321964944163
26,firstrun_dur,10,0.06275331838534114
26,firstrun_dur,11,0.0915857134288866
26,dur,0,0.3718114373139266
26,dur,1,0.37221641640057523
26,dur,2,0.39428799336369225
26,dur,3,0.20588738148021304
26,dur,4,0.1104776923208197
26,dur,5,0.0
26,dur,6,0.08395328950359213
26,dur,7,0.0
26,dur,8,0.0
26,dur,9,0.12807363775139605
26,dur,10,0.0671795034861159
26,dur,11,0.09589823118397783
26,firstrun_nfix,0,0.3261538536903891
26,firstrun_nfix,1,0.3365519489206901
26,firstrun_nfix,2,0.34894824012459397
26,firstrun_nfix,3,0.1722304153657347
26,firstrun_nfix,4,0.1003964288737262
26,firstrun_nfix,5,0.0
26,firstrun_nfix,6,0.07027987842001056
26,firstrun_nfix,7,0.0
26,firstrun_nfix,8,0.0
26,firstrun_nfix,9,0.11420276530175809
26,firstrun_nfix,10,0.05314767665020446
26,firstrun_nfix,11,0.08380883275156245
26,nfix,0,0.3547165674567851
26,nfix,1,0.3525752205061569
26,nfix,2,0.38758486271940734
26,nfix,3,0.19052257430060157
26,nfix,4,0.09926151462030461
26,nfix,5,0.0
26,nfix,6,0.07876891177137844
26,nfix,7,0.0
26,nfix,8,0.0
26,nfix,9,0.12082169310554682
26,nfix,10,0.05765869073741826
26,nfix,11,0.09014625145911091
38,firstfix_dur,0,0.37421165373832244
38,firstfix_dur,1,0.3221626530199373
38,firstfix_dur,2,0.4129459661002182
38,firstfix_dur,3,0.24193829659771715
38,firstfix_dur,4,0.14119049242796766
38,firstfix_dur,5,0.0
38,firstfix_dur,6,0.0
38,firstfix_dur,7,0.05721968354456814
38,firstfix_dur,8,0.05030674895634725
38,firstfix_dur,9,0.06595022947826673
38,firstfix_dur,10,0.06589415855125015
38,firstfix_dur,11,0.10455064180530822
38,firstrun_dur,0,0.3787615211335709
38,firstrun_dur,1,0.3462935732699989
38,firstrun_dur,2,0.4230039304734941
38,firstrun_dur,3,0.23546505858240643
38,firstrun_dur,4,0.0930152275142101
38,firstrun_dur,5,0.0
38,firstrun_dur,6,0.07181205886622544
38,firstrun_dur,7,0.0
38,firstrun_dur,8,0.0
38,firstrun_dur,9,0.11076933358290363
38,firstrun_dur,10,0.07495099050565802
38,firstrun_dur,11,0.09531714055713303
38,dur,0,0.4726565420703406
38,dur,1,0.42517057311027573
38,dur,2,0.48606667478930643
38,dur,3,0.23713499699108714
38,dur,4,0.07966360276632072
38,dur,5,0.05247180103647531
38,dur,6,0.13535546164494058
38,dur,7,0.0
38,dur,8,0.0
38,dur,9,0.18040910671517718
38,dur,10,0.13739037216849553
38,dur,11,0.16233515904755816
38,firstrun_nfix,0,0.30836056544796475
38,firstrun_nfix,1,0.27963464611566
38,firstrun_nfix,2,0.31319300869363564
38,firstrun_nfix,3,0.17865339453353646
38,firstrun_nfix,4,0.0712809861608444
38,firstrun_nfix,5,0.0
38,firstrun_nfix,6,0.07630457320877748
38,firstrun_nfix,7,0.0
38,firstrun_nfix,8,0.0
38,firstrun_nfix,9,0.12286305194855955
38,firstrun_nfix,10,0.07327604743831886
38,firstrun_nfix,11,0.08880013183856986
38,nfix,0,0.4270592782257883
38,nfix,1,0.3843760032390787
38,nfix,2,0.45224875698127986
38,nfix,3,0.22781733799597073
38,nfix,4,0.07694753162210702
38,nfix,5,0.0
38,nfix,6,0.13790601574060418
38,nfix,7,0.0
38,nfix,8,0.0
38,nfix,9,0.1893644709400367
38,nfix,10,0.13997879847827163
38,nfix,11,0.1698238917072474
43,firstfix_dur,0,0.3551739589816052
43,firstfix_dur,1,0.3632452192338945
43,firstfix_dur,2,0.42283457710538347
43,firstfix_dur,3,0.20348441578954438
43,firstfix_dur,4,0.0914434516612222
43,firstfix_dur,5,0.0
43,firstfix_dur,6,0.06933484669176462
43,firstfix_dur,7,0.0
43,firstfix_dur,8,0.0
43,firstfix_dur,9,0.12523479855694092
43,firstfix_dur,10,0.052482976318504744
43,firstfix_dur,11,0.14032983245927858
43,firstrun_dur,0,0.36788128612870613
43,firstrun_dur,1,0.35149606102756475
43,firstrun_dur,2,0.42983009953767226
43,firstrun_dur,3,0.21660477333389655
43,firstrun_dur,4,0.08278171202219155
43,firstrun_dur,5,0.0
43,firstrun_dur,6,0.0927361853182968
43,firstrun_dur,7,0.0
43,firstrun_dur,8,0.0
43,firstrun_dur,9,0.15226434286807103
43,firstrun_dur,10,0.08078917905508247
43,firstrun_dur,11,0.15492674276783583
43,dur,0,0.3767986006269157
43,dur,1,0.3771637041660304
43,dur,2,0.4359828436349592
43,dur,3,0.23166544640455067
43,dur,4,0.09936541588057983
43,dur,5,0.0
43,dur,6,0.08740203797008862
43,dur,7,0.0
43,dur,8,0.0
43,dur,9,0.14869366385345115
43,dur,10,0.07345234088724134
43,dur,11,0.14721911145268224
43,firstrun_nfix,0,0.34895374126558626
43,firstrun_nfix,1,0.3283514469150084
43,firstrun_nfix,2,0.4035759058585823
43,firstrun_nfix,3,0.22387246599777824
43,firstrun_nfix,4,0.08781374230039894
43,firstrun_nfix,5,0.0
43,firstrun_nfix,6,0.07600559094678236
43,firstrun_nfix,7,0.0
43,firstrun_nfix,8,0.0
43,firstrun_nfix,9,0.15657919873143575
43,firstrun_nfix,10,0.07983997166177283
43,firstrun_nfix,11,0.13171136160837393
43,nfix,0,0.36355063828601525
43,nfix,1,0.37503720904007426
43,nfix,2,0.4225388990799627
43,nfix,3,0.22872868829377296
43,nfix,4,0.10430850409247616
43,nfix,5,0.0
43,nfix,6,0.07414561036862502
43,nfix,7,0.0
43,nfix,8,0.0
43,nfix,9,0.13754319185942296
43,nfix,10,0.059841865345714014
43,nfix,11,0.13795057502263386
44,firstfix_dur,0,0.2816982846644963
44,firstfix_dur,1,0.26496080876459077
44,firstfix_dur,2,0.32887488598479564
44,firstfix_dur,3,0.1657496946108829
44,firstfix_dur,4,0.08695280002368877
44,firstfix_dur,5,0.0
44,firstfix_dur,6,0.052174988153789376
44,firstfix_dur,7,0.0
44,firstfix_dur,8,0.0
44,firstfix_dur,9,0.13115866765687975
44,firstfix_dur,10,0.06767774240071274
44,firstfix_dur,11,0.10552417272823643
44,firstrun_dur,0,0.29398940678059304
44,firstrun_dur,1,0.2633138834632719
44,firstrun_dur,2,0.34786704795036066
44,firstrun_dur,3,0.1812921724013913
44,firstrun_dur,4,0.10138586409213426
44,firstrun_dur,5,0.0
44,firstrun_dur,6,0.0
44,firstrun_dur,7,0.0
44,firstrun_dur,8,0.0
44,firstrun_dur,9,0.1306029409832281
44,firstrun_dur,10,0.09422136806247859
44,firstrun_dur,11,0.053890520662436076
44,dur,0,0.3293190913577317
44,dur,1,0.32959769238354275
44,dur,2,0.4073777452977599
44,dur,3,0.224667239072478
44,dur,4,0.10845755477228104
44,dur,5,0.0
44,dur,6,0.0518293863570351
44,dur,7,0.0
44,dur,8,0.0
44,dur,9,0.12481813061003581
44,dur,10,0.06754503020262377
44,dur,11,0.08016427771927633
44,firstrun_nfix,0,0.2605206294066031
44,firstrun_nfix,1,0.2554311849029899
44,firstrun_nfix,2,0.321607775551293
44,firstrun_nfix,3,0.17700195951761402
44,firstrun_nfix,4,0.09284687489589002
44,firstrun_nfix,5,0.0
44,firstrun_nfix,6,0.0
44,firstrun_nfix,7,0.0
44,firstrun_nfix,8,0.0
44,firstrun_nfix,9,0.10795675613062705
44,firstrun_nfix,10,0.06455658529128477
44,firstrun_nfix,11,0.0
44,nfix,0,0.3319939105636428
44,nfix,1,0.3280248947337161
44,nfix,2,0.4003856703995931
44,nfix,3,0.2120957740320566
44,nfix,4,0.09427620816752008
44,nfix,5,0.0
44,nfix,6,0.06746458909011147
44,nfix,7,0.0
44,nfix,8,0.0
44,nfix,9,0.12969230331789636
44,nfix,10,0.05723773800791322
44,nfix,11,0.07755753299729536
