model,layer,feature,rho
BERT XXL,0,dur,-0.2752050983159148
BERT XXL,0,firstfix_dur,-0.2382912352255822
BERT XXL,0,firstrun_dur,-0.2344861921735064
BERT XXL,0,firstrun_nfix,-0.21539685045626628
BERT XXL,0,nfix,-0.2669870002499668
BERT XXL,1,dur,-0.1484491032587805
BERT XXL,1,firstfix_dur,-0.11675634490931372
BERT XXL,1,firstrun_dur,-0.13193420327046726
BERT XXL,1,firstrun_nfix,-0.1121297918315221
BERT XXL,1,nfix,-0.1359896042186848
BERT XXL,2,dur,-0.039164057316849965
BERT XXL,2,firstfix_dur,-0.04471653149811502
BERT XXL,2,firstrun_dur,-0.044303592991110266
BERT XXL,2,firstrun_nfix,-0.04074874645019695
BERT XXL,2,nfix,-0.03365419138364611
BERT XXL,3,dur,0.009080626514117156
BERT XXL,3,firstfix_dur,-0.0002435947556620074
BERT XXL,3,firstrun_dur,-0.000381087666232667
BERT XXL,3,firstrun_nfix,-0.007566228385614199
BERT XXL,3,nfix,0.005622459055500829
BERT XXL,4,dur,0.013537324945644155
BERT XXL,4,firstfix_dur,0.005499345317428255
BERT XXL,4,firstrun_dur,-0.0039867823007771926
BERT XXL,4,firstrun_nfix,0.004469834679193722
BERT XXL,4,nfix,0.018065251878960388
BERT XXL,5,dur,-0.2053228540512116
BERT XXL,5,firstfix_dur,-0.18456447170646556
BERT XXL,5,firstrun_dur,-0.20084304977812523
BERT XXL,5,firstrun_nfix,-0.18110475612112747
BERT XXL,5,nfix,-0.19477723653138812
BERT XXL,6,dur,-0.3220068803103492
BERT XXL,6,firstfix_dur,-0.28765890488012347
BERT XXL,6,firstrun_dur,-0.2931213424332943
BERT XXL,6,firstrun_nfix,-0.25587697177517543
BERT XXL,6,nfix,-0.30862068200455905
BERT XXL,7,dur,-0.27064049308373767
BERT XXL,7,firstfix_dur,-0.24468625990824275
BERT XXL,7,firstrun_dur,-0.2577241659044002
BERT XXL,7,firstrun_nfix,-0.2245318535587532
BERT XXL,7,nfix,-0.25790128793205996
BERT XXL,8,dur,0.04588817566375346
BERT XXL,8,firstfix_dur,0.0230471457941851
BERT XXL,8,firstrun_dur,0.02929066547617683
BERT XXL,8,firstrun_nfix,0.02924142777605665
BERT XXL,8,nfix,0.05509173705259997
BERT XXL,9,dur,0.11420018214760486
BERT XXL,9,firstfix_dur,0.08874647469249906
BERT XXL,9,firstrun_dur,0.08666269177583244
BERT XXL,9,firstrun_nfix,0.07880039071275838
BERT XXL,9,nfix,0.1116827581870022
BERT XXL,10,dur,-0.034634177267148764
BERT XXL,10,firstfix_dur,-0.05634325856767482
BERT XXL,10,firstrun_dur,-0.03965370230243449
BERT XXL,10,firstrun_nfix,-0.03290146840213738
BERT XXL,10,nfix,-0.03381613628831855
BERT XXL,11,dur,0.01871334512003375
BERT XXL,11,firstfix_dur,-0.0006393844960647197
BERT XXL,11,firstrun_dur,0.008698457701277723
BERT XXL,11,firstrun_nfix,0.0007444831464413126
BERT XXL,11,nfix,0.016053945893676293
ELECTRA XXL,0,dur,-0.32570764491383475
ELECTRA XXL,0,firstfix_dur,-0.2731463549043196
ELECTRA XXL,0,firstrun_dur,-0.2852333030956071
ELECTRA XXL,0,firstrun_nfix,-0.26828257795460103
ELECTRA XXL,0,nfix,-0.3184216036464772
ELECTRA XXL,1,dur,-0.37262817449163055
ELECTRA XXL,1,firstfix_dur,-0.3246064440553704
ELECTRA XXL,1,firstrun_dur,-0.3375443135134196
ELECTRA XXL,1,firstrun_nfix,-0.30588717159786
ELECTRA XXL,1,nfix,-0.35720475714389816
ELECTRA XXL,2,dur,-0.27704394827592865
ELECTRA XXL,2,firstfix_dur,-0.2385321142991303
ELECTRA XXL,2,firstrun_dur,-0.24447716479433793
ELECTRA XXL,2,firstrun_nfix,-0.22281144091958643
ELECTRA XXL,2,nfix,-0.26561344314437624
ELECTRA XXL,3,dur,-0.16446039463059886
ELECTRA XXL,3,firstfix_dur,-0.1414708398472065
ELECTRA XXL,3,firstrun_dur,-0.14994698984294316
ELECTRA XXL,3,firstrun_nfix,-0.14149669121877378
ELECTRA XXL,3,nfix,-0.157004768400328
ELECTRA XXL,4,dur,-0.16016734158707657
ELECTRA XXL,4,firstfix_dur,-0.14132102614326134
ELECTRA XXL,4,firstrun_dur,-0.15025496120606938
ELECTRA XXL,4,firstrun_nfix,-0.13206800132338578
ELECTRA XXL,4,nfix,-0.1544069898025006
ELECTRA XXL,5,dur,-0.22046448109813682
ELECTRA XXL,5,firstfix_dur,-0.20122700749689465
ELECTRA XXL,5,firstrun_dur,-0.20948482659757933
ELECTRA XXL,5,firstrun_nfix,-0.18624191700034243
ELECTRA XXL,5,nfix,-0.2055228044617333
ELECTRA XXL,6,dur,-0.22238436556759278
ELECTRA XXL,6,firstfix_dur,-0.1944562275592419
ELECTRA XXL,6,firstrun_dur,-0.21087776034091088
ELECTRA XXL,6,firstrun_nfix,-0.18335289275084343
ELECTRA XXL,6,nfix,-0.21213277180816412
ELECTRA XXL,7,dur,0.11084646996912406
ELECTRA XXL,7,firstfix_dur,0.06705211598701247
ELECTRA XXL,7,firstrun_dur,0.08781673167808607
ELECTRA XXL,7,firstrun_nfix,0.07748599171168769
ELECTRA XXL,7,nfix,0.10944123307243428
ELECTRA XXL,8,dur,-0.3196183487717433
ELECTRA XXL,8,firstfix_dur,-0.2913506960497275
ELECTRA XXL,8,firstrun_dur,-0.3015704866168202
ELECTRA XXL,8,firstrun_nfix,-0.265885238185786
ELECTRA XXL,8,nfix,-0.301613839436666
ELECTRA XXL,9,dur,-0.21042844025632762
ELECTRA XXL,9,firstfix_dur,-0.18893314067375563
ELECTRA XXL,9,firstrun_dur,-0.1932906815302979
ELECTRA XXL,9,firstrun_nfix,-0.19268613474964763
ELECTRA XXL,9,nfix,-0.21468909690890614
ELECTRA XXL,10,dur,-0.09182061274614814
ELECTRA XXL,10,firstfix_dur,-0.08467460790564012
ELECTRA XXL,10,firstrun_dur,-0.08902071380629267
ELECTRA XXL,10,firstrun_nfix,-0.07352683657378838
ELECTRA XXL,10,nfix,-0.08430624864118481
ELECTRA XXL,11,dur,-0.08572175408355764
ELECTRA XXL,11,firstfix_dur,-0.08950893064015812
ELECTRA XXL,11,firstrun_dur,-0.09190497423965284
ELECTRA XXL,11,firstrun_nfix,-0.06697345988340156
ELECTRA XXL,11,nfix,-0.0689742048820143
GilBERTo,0,dur,-0.39997075194995196
GilBERTo,0,firstfix_dur,-0.33954698066417155
GilBERTo,0,firstrun_dur,-0.3634600731587313
GilBERTo,0,firstrun_nfix,-0.32809146403610373
GilBERTo,0,nfix,-0.38100701352818245
GilBERTo,1,dur,-0.38261345538680985
GilBERTo,1,firstfix_dur,-0.3243919035740251
GilBERTo,1,firstrun_dur,-0.34034862897845575
GilBERTo,1,firstrun_nfix,-0.31141979281086973
GilBERTo,1,nfix,-0.3644042511410946
GilBERTo,2,dur,-0.4454854282027452
GilBERTo,2,firstfix_dur,-0.3897011949187429
GilBERTo,2,firstrun_dur,-0.40717982386124707
GilBERTo,2,firstrun_nfix,-0.35980691521821645
GilBERTo,2,nfix,-0.4262110405975988
GilBERTo,3,dur,-0.2275181842881991
GilBERTo,3,firstfix_dur,-0.1994704037520851
GilBERTo,3,firstrun_dur,-0.2116111007749944
GilBERTo,3,firstrun_nfix,-0.19362853010029618
GilBERTo,3,nfix,-0.21406998024424
GilBERTo,4,dur,-0.09395555211722036
GilBERTo,4,firstfix_dur,-0.10302805219842223
GilBERTo,4,firstrun_dur,-0.09904486373830007
GilBERTo,4,firstrun_nfix,-0.09265344589041262
GilBERTo,4,nfix,-0.085384437574507
GilBERTo,5,dur,0.018850054399379267
GilBERTo,5,firstfix_dur,0.0038541341949379984
GilBERTo,5,firstrun_dur,0.00896900147205585
GilBERTo,5,firstrun_nfix,0.010175347456679478
GilBERTo,5,nfix,0.019301725239852793
GilBERTo,6,dur,0.10075908190549634
GilBERTo,6,firstfix_dur,0.05901649147205693
GilBERTo,6,firstrun_dur,0.07594923090837644
GilBERTo,6,firstrun_nfix,0.06798192415761264
GilBERTo,6,nfix,0.10075905724093796
GilBERTo,7,dur,0.019649688711800322
GilBERTo,7,firstfix_dur,-0.01841708114968591
GilBERTo,7,firstrun_dur,0.008061750257169029
GilBERTo,7,firstrun_nfix,0.023921343213286223
GilBERTo,7,nfix,0.028221513683610616
GilBERTo,8,dur,0.02476548189730806
GilBERTo,8,firstfix_dur,-0.01495623949923316
GilBERTo,8,firstrun_dur,0.01136913098351942
GilBERTo,8,firstrun_nfix,0.025124775219435236
GilBERTo,8,nfix,0.03309626580934695
GilBERTo,9,dur,0.15999737526700092
GilBERTo,9,firstfix_dur,0.10610451872845797
GilBERTo,9,firstrun_dur,0.1387094934575251
GilBERTo,9,firstrun_nfix,0.13287955963777612
GilBERTo,9,nfix,0.15780679755249866
GilBERTo,10,dur,0.09223369235675144
GilBERTo,10,firstfix_dur,0.058496207461661884
GilBERTo,10,firstrun_dur,0.0752958150629262
GilBERTo,10,firstrun_nfix,0.06656155267284604
GilBERTo,10,nfix,0.08678544977148403
GilBERTo,11,dur,0.13514685328963347
GilBERTo,11,firstfix_dur,0.11256887578194372
GilBERTo,11,firstrun_dur,0.1088363025529678
GilBERTo,11,firstrun_nfix,0.09160303796715176
GilBERTo,11,nfix,0.13299373128961625
