model,participant,layer,feature,rho,pvalue
GilBERTo,1,0,dur,-0.4492680883808452,1.181694355410206e-96
GilBERTo,1,1,dur,-0.4089188908736253,8.335362589628564e-79
GilBERTo,1,2,dur,-0.5037118839280084,6.912919698838454e-125
GilBERTo,1,3,dur,-0.23823585749266665,2.386196716895464e-26
GilBERTo,1,4,dur,-0.0718134948461005,0.0015810411829026902
GilBERTo,1,5,dur,0.048258552330915604,0.0338718327624311
GilBERTo,1,6,dur,0.14525523405182522,1.3971638755014508e-10
GilBERTo,1,7,dur,0.04113995994205359,0.0705519264533757
GilBERTo,1,8,dur,0.06962304793254634,0.002192936694682737
GilBERTo,1,9,dur,0.21799233740494434,3.1710781156479173e-22
GilBERTo,1,10,dur,0.11560121503928067,3.4632456299725056e-07
GilBERTo,1,11,dur,0.19011748704467277,3.448435722303743e-17
GilBERTo,1,0,firstfix_dur,-0.36616539155771854,2.1383115608023605e-62
GilBERTo,1,1,firstfix_dur,-0.3577066312381463,1.9711361684278799e-59
GilBERTo,1,2,firstfix_dur,-0.44354185004399616,5.692421845853719e-94
GilBERTo,1,3,firstfix_dur,-0.21180296848195473,4.818413698402411e-21
GilBERTo,1,4,firstfix_dur,-0.10517175270924137,3.5895269337350402e-06
GilBERTo,1,5,firstfix_dur,0.024419251009389048,0.28323532334416424
GilBERTo,1,6,firstfix_dur,0.0870589848433907,0.000126884471261269
GilBERTo,1,7,firstfix_dur,-0.003697111039687091,0.8709576336029082
GilBERTo,1,8,firstfix_dur,0.010202964552307507,0.653933830814073
GilBERTo,1,9,firstfix_dur,0.1274449351912345,1.881623344577567e-08
GilBERTo,1,10,firstfix_dur,0.06825240320983379,0.002679141637275776
GilBERTo,1,11,firstfix_dur,0.15117099622441685,2.3813644239508246e-11
GilBERTo,1,0,firstrun_dur,-0.41892785548688577,5.219245676657996e-83
GilBERTo,1,1,firstrun_dur,-0.3879267110359556,1.916819950963757e-70
GilBERTo,1,2,firstrun_dur,-0.45972502098914236,1.0939659211244543e-101
GilBERTo,1,3,firstrun_dur,-0.23546100373747328,9.260214129074244e-26
GilBERTo,1,4,firstrun_dur,-0.11579573606956843,3.3088046703257287e-07
GilBERTo,1,5,firstrun_dur,0.015659098253502004,0.49141302776093176
GilBERTo,1,6,firstrun_dur,0.09915890361523295,1.2564378303831883e-05
GilBERTo,1,7,firstrun_dur,0.020812429518514985,0.3604309300472227
GilBERTo,1,8,firstrun_dur,0.042592618427385945,0.06117051342869146
GilBERTo,1,9,firstrun_dur,0.1664776302039811,1.7574230937469037e-13
GilBERTo,1,10,firstrun_dur,0.06376421930607075,0.005039597135601528
GilBERTo,1,11,firstrun_dur,0.14846139534854755,5.4026035751164206e-11
GilBERTo,1,0,firstrun_nfix,-0.39646853036997537,8.973027148849356e-74
GilBERTo,1,1,firstrun_nfix,-0.3571297372000003,3.1164110709052973e-59
GilBERTo,1,2,firstrun_nfix,-0.4117096458629772,5.798119614091086e-80
GilBERTo,1,3,firstrun_nfix,-0.2163844150868175,6.482155210591122e-22
GilBERTo,1,4,firstrun_nfix,-0.11092919722120353,1.013278724234831e-06
GilBERTo,1,5,firstrun_nfix,0.009854652697912494,0.665015579532513
GilBERTo,1,6,firstrun_nfix,0.09263411939757873,4.5253137648982926e-05
GilBERTo,1,7,firstrun_nfix,0.027142319192842462,0.23295389860603008
GilBERTo,1,8,firstrun_nfix,0.04306594868043643,0.058346365016148996
GilBERTo,1,9,firstrun_nfix,0.16279602607650012,5.980314571572162e-13
GilBERTo,1,10,firstrun_nfix,0.06198748232264925,0.006406929712006028
GilBERTo,1,11,firstrun_nfix,0.13068401246404243,8.085354562172208e-09
GilBERTo,1,0,nfix,-0.4277146731086808,8.093018623840112e-87
GilBERTo,1,1,nfix,-0.3820079281864469,3.4082357900652697e-68
GilBERTo,1,2,nfix,-0.46829701380775096,6.025957852916439e-106
GilBERTo,1,3,nfix,-0.21118552659879836,6.291929536052453e-21
GilBERTo,1,4,nfix,-0.052128429370127176,0.021908591473552327
GilBERTo,1,5,nfix,0.05400596775002045,0.017567126053657647
GilBERTo,1,6,nfix,0.1455101592339707,1.2964846687841873e-10
GilBERTo,1,7,nfix,0.04894858641419189,0.03140000538886464
GilBERTo,1,8,nfix,0.07421713591708129,0.0010930332966740564
GilBERTo,1,9,nfix,0.21161232853959047,5.232648325974335e-21
GilBERTo,1,10,nfix,0.11921015628810304,1.4678678207703604e-07
GilBERTo,1,11,nfix,0.18949040526179367,4.3910025518725426e-17
GilBERTo,26,0,dur,-0.3718114373139266,2.7159448795811612e-70
GilBERTo,26,1,dur,-0.37221641640057523,1.8752845863709372e-70
GilBERTo,26,2,dur,-0.39428799336369225,1.4188443352868823e-79
GilBERTo,26,3,dur,-0.20588738148021304,1.1397562754626312e-21
GilBERTo,26,4,dur,-0.1104776923208197,3.5400454624763113e-07
GilBERTo,26,5,dur,0.0005955901785295632,0.9781662182806754
GilBERTo,26,6,dur,0.08395328950359213,0.00011128661770617139
GilBERTo,26,7,dur,0.01198719539753446,0.5817405204206019
GilBERTo,26,8,dur,0.00981337326458153,0.6520286298622092
GilBERTo,26,9,dur,0.12807363775139605,3.4320894710592468e-09
GilBERTo,26,10,dur,0.0671795034861159,0.0019984596813324845
GilBERTo,26,11,dur,0.09589823118397783,1.0016910266243116e-05
GilBERTo,26,0,firstfix_dur,-0.32048561437871537,1.0678167161471361e-51
GilBERTo,26,1,firstfix_dur,-0.31388420561355657,1.488928186668895e-49
GilBERTo,26,2,firstfix_dur,-0.34030869535932085,1.81243401625929e-58
GilBERTo,26,3,firstfix_dur,-0.17437664328032637,6.762597194094766e-16
GilBERTo,26,4,firstfix_dur,-0.09038176416999122,3.159457138995534e-05
GilBERTo,26,5,firstfix_dur,0.01702558171232394,0.43397938153166205
GilBERTo,26,6,firstfix_dur,0.048361441723133114,0.02617801803115585
GilBERTo,26,7,firstfix_dur,-0.01476787333674229,0.49736823413231956
GilBERTo,26,8,firstfix_dur,-0.01870935155025871,0.389904914175244
GilBERTo,26,9,firstfix_dur,0.08073396275896788,0.00020249921384870619
GilBERTo,26,10,firstfix_dur,0.038173756828007964,0.07929964545660326
GilBERTo,26,11,firstfix_dur,0.06126873569247849,0.0048322146032515455
GilBERTo,26,0,firstrun_dur,-0.3577402962639008,7.612034175044112e-65
GilBERTo,26,1,firstrun_dur,-0.3527129160954874,5.783737097294379e-63
GilBERTo,26,2,firstrun_dur,-0.3754730203555657,9.358035750299729e-72
GilBERTo,26,3,firstrun_dur,-0.18923249581980425,1.7116516533020005e-18
GilBERTo,26,4,firstrun_dur,-0.102245778993396,2.469257426205668e-06
GilBERTo,26,5,firstrun_dur,0.014761608299724683,0.49755073548479345
GilBERTo,26,6,firstrun_dur,0.08246383612210609,0.00014718769721071683
GilBERTo,26,7,firstrun_dur,0.020046465929890844,0.3569204629311442
GilBERTo,26,8,firstrun_dur,0.016454386711242972,0.4495606312355237
GilBERTo,26,9,firstrun_dur,0.13343321964944163,7.3225565484522e-10
GilBERTo,26,10,firstrun_dur,0.06275331838534114,0.0038964355673297454
GilBERTo,26,11,firstrun_dur,0.0915857134288866,2.4721588415919047e-05
GilBERTo,26,0,firstrun_nfix,-0.3261538536903891,1.3922968427065526e-53
GilBERTo,26,1,firstrun_nfix,-0.3365519489206901,3.802392792449355e-57
GilBERTo,26,2,firstrun_nfix,-0.34894824012459397,1.4070820285723648e-61
GilBERTo,26,3,firstrun_nfix,-0.1722304153657347,1.5383709614203557e-15
GilBERTo,26,4,firstrun_nfix,-0.1003964288737262,3.7457711325584714e-06
GilBERTo,26,5,firstrun_nfix,0.03541202141565927,0.10358204687998644
GilBERTo,26,6,firstrun_nfix,0.07027987842001056,0.001223117489137398
GilBERTo,26,7,firstrun_nfix,0.03342536802802668,0.12445000657030372
GilBERTo,26,8,firstrun_nfix,0.03309590765164748,0.12820744791562794
GilBERTo,26,9,firstrun_nfix,0.11420276530175809,1.4021107699285517e-07
GilBERTo,26,10,firstrun_nfix,0.05314767665020446,0.01452866895705024
GilBERTo,26,11,firstrun_nfix,0.08380883275156245,0.00011436849798414471
GilBERTo,26,0,nfix,-0.3547165674567851,1.0393048032941214e-63
GilBERTo,26,1,nfix,-0.3525752205061569,6.504899309486604e-63
GilBERTo,26,2,nfix,-0.38758486271940734,9.92194864352331e-77
GilBERTo,26,3,nfix,-0.19052257430060157,9.941505130615708e-19
GilBERTo,26,4,nfix,-0.09926151462030461,4.820130569777942e-06
GilBERTo,26,5,nfix,0.006141246908571939,0.7777905603099231
GilBERTo,26,6,nfix,0.07876891177137844,0.0002887952955876973
GilBERTo,26,7,nfix,0.014221630571047866,0.5134133212532257
GilBERTo,26,8,nfix,0.01746780161661276,0.42213354481854926
GilBERTo,26,9,nfix,0.12082169310554682,2.5138487321943717e-08
GilBERTo,26,10,nfix,0.05765869073741826,0.008009141947660949
GilBERTo,26,11,nfix,0.09014625145911091,3.313600600363381e-05
GilBERTo,38,0,dur,-0.4726565420703406,1.2626483602106474e-88
GilBERTo,38,1,dur,-0.42517057311027573,2.7358520679467128e-70
GilBERTo,38,2,dur,-0.48606667478930643,2.378105399618875e-94
GilBERTo,38,3,dur,-0.23713499699108714,1.3093182358773916e-21
GilBERTo,38,4,dur,-0.07966360276632072,0.0015397397756981227
GilBERTo,38,5,dur,0.05247180103647531,0.037144122026566674
GilBERTo,38,6,dur,0.13535546164494058,6.758992909590192e-08
GilBERTo,38,7,dur,0.03330260669477678,0.18609064825381047
GilBERTo,38,8,dur,0.0340367914593313,0.17656756875127774
GilBERTo,38,9,dur,0.18040910671517718,5.190286845277871e-13
GilBERTo,38,10,dur,0.13739037216849553,4.268201461019447e-08
GilBERTo,38,11,dur,0.16233515904755816,8.781265471592119e-11
GilBERTo,38,0,firstfix_dur,-0.37421165373832244,1.2572083932780027e-53
GilBERTo,38,1,firstfix_dur,-0.3221626530199373,1.9590780785750754e-39
GilBERTo,38,2,firstfix_dur,-0.4129459661002182,5.04814796918692e-66
GilBERTo,38,3,firstfix_dur,-0.24193829659771715,1.8753195811883574e-22
GilBERTo,38,4,firstfix_dur,-0.14119049242796766,1.7766706395928755e-08
GilBERTo,38,5,firstfix_dur,-0.02255028345427985,0.3706841812050058
GilBERTo,38,6,firstfix_dur,0.03815219594820685,0.129795139960581
GilBERTo,38,7,firstfix_dur,-0.05721968354456814,0.023022642844850456
GilBERTo,38,8,firstfix_dur,-0.05030674895634725,0.04570914781798853
GilBERTo,38,9,firstfix_dur,0.06595022947826673,0.008777843621470495
GilBERTo,38,10,firstfix_dur,0.06589415855125015,0.008835496739471099
GilBERTo,38,11,firstfix_dur,0.10455064180530822,3.164517359391737e-05
GilBERTo,38,0,firstrun_dur,-0.3787615211335709,5.3472552824224306e-55
GilBERTo,38,1,firstrun_dur,-0.3462935732699989,1.1102051269105938e-45
GilBERTo,38,2,firstrun_dur,-0.4230039304734941,1.6073515934198454e-69
GilBERTo,38,3,firstrun_dur,-0.23546505858240643,2.547469856550256e-21
GilBERTo,38,4,firstrun_dur,-0.0930152275142101,0.00021556792619848477
GilBERTo,38,5,firstrun_dur,0.0130839831041291,0.6035103198115991
GilBERTo,38,6,firstrun_dur,0.07181205886622544,0.004316023381892166
GilBERTo,38,7,firstrun_dur,7.300796417786064e-05,0.9976878345506277
GilBERTo,38,8,firstrun_dur,0.002860631601712588,0.9095976555606957
GilBERTo,38,9,firstrun_dur,0.11076933358290363,1.032287719414619e-05
GilBERTo,38,10,firstrun_dur,0.07495099050565802,0.002890129094969255
GilBERTo,38,11,firstrun_dur,0.09531714055713303,0.00014942772779239709
GilBERTo,38,0,firstrun_nfix,-0.30836056544796475,4.148789003689268e-36
GilBERTo,38,1,firstrun_nfix,-0.27963464611566,9.743078484243898e-30
GilBERTo,38,2,firstrun_nfix,-0.31319300869363564,2.974695061566795e-37
GilBERTo,38,3,firstrun_nfix,-0.17865339453353646,8.754121042856246e-13
GilBERTo,38,4,firstrun_nfix,-0.0712809861608444,0.004612354937211302
GilBERTo,38,5,firstrun_nfix,0.03642410197590948,0.148108187128443
GilBERTo,38,6,firstrun_nfix,0.07630457320877748,0.0024201737417456765
GilBERTo,38,7,firstrun_nfix,0.037792674896178824,0.1334527212310523
GilBERTo,38,8,firstrun_nfix,0.03894290518396936,0.12202476090911597
GilBERTo,38,9,firstrun_nfix,0.12286305194855955,9.815223468726443e-07
GilBERTo,38,10,firstrun_nfix,0.07327604743831886,0.0035862806108296194
GilBERTo,38,11,firstrun_nfix,0.08880013183856986,0.0004129223157364996
GilBERTo,38,0,nfix,-0.4270592782257883,5.782594633650949e-71
GilBERTo,38,1,nfix,-0.3843760032390787,1.0130022448741239e-56
GilBERTo,38,2,nfix,-0.45224875698127986,2.1810585783998163e-80
GilBERTo,38,3,nfix,-0.22781733799597073,5.028250773103004e-20
GilBERTo,38,4,nfix,-0.07694753162210702,0.0022223951920788522
GilBERTo,38,5,nfix,0.043949917072439774,0.08092770751443804
GilBERTo,38,6,nfix,0.13790601574060418,3.794842396116852e-08
GilBERTo,38,7,nfix,0.0485095895277262,0.054028936413092
GilBERTo,38,8,nfix,0.045278360124265234,0.07215535347409589
GilBERTo,38,9,nfix,0.1893644709400367,3.3225766291373727e-14
GilBERTo,38,10,nfix,0.13997879847827163,2.3555074666653078e-08
GilBERTo,38,11,nfix,0.1698238917072474,1.1203673745254307e-11
GilBERTo,43,0,dur,-0.3767986006269157,1.4676336167049568e-48
GilBERTo,43,1,dur,-0.3771637041660304,1.1710714195901876e-48
GilBERTo,43,2,dur,-0.4359828436349592,3.5578027423142e-66
GilBERTo,43,3,dur,-0.23166544640455067,1.5020792105889781e-18
GilBERTo,43,4,dur,-0.09936541588057983,0.00019315381930199086
GilBERTo,43,5,dur,-0.0023267361845719873,0.9306125633199256
GilBERTo,43,6,dur,0.08740203797008862,0.0010486367890928808
GilBERTo,43,7,dur,0.013098867290779869,0.6239758988827995
GilBERTo,43,8,dur,0.002237896820109757,0.9332556076367398
GilBERTo,43,9,dur,0.14869366385345115,2.1968916560990036e-08
GilBERTo,43,10,dur,0.07345234088724134,0.0059134108973490146
GilBERTo,43,11,dur,0.14721911145268224,3.031148223126087e-08
GilBERTo,43,0,firstfix_dur,-0.3551739589816052,5.6641355133861914e-43
GilBERTo,43,1,firstfix_dur,-0.3632452192338945,5.224466060954855e-45
GilBERTo,43,2,firstfix_dur,-0.42283457710538347,5.97848516793008e-62
GilBERTo,43,3,firstfix_dur,-0.20348441578954438,1.4072160059104074e-14
GilBERTo,43,4,firstfix_dur,-0.0914434516612222,0.0006051434570787127
GilBERTo,43,5,firstfix_dur,-0.019345531001122983,0.4690408631692047
GilBERTo,43,6,firstfix_dur,0.06933484669176462,0.009380605345980467
GilBERTo,43,7,firstfix_dur,-0.008368369483603602,0.7541461027379444
GilBERTo,43,8,firstfix_dur,-0.021885985230445222,0.41270486585082633
GilBERTo,43,9,firstfix_dur,0.12523479855694092,2.5358108421305473e-06
GilBERTo,43,10,firstfix_dur,0.052482976318504744,0.04936351184556238
GilBERTo,43,11,firstfix_dur,0.14032983245927858,1.3079075858073634e-07
GilBERTo,43,0,firstrun_dur,-0.36788128612870613,3.329221732376867e-46
GilBERTo,43,1,firstrun_dur,-0.35149606102756475,4.582470551742502e-42
GilBERTo,43,2,firstrun_dur,-0.42983009953767226,3.562387944143034e-64
GilBERTo,43,3,firstrun_dur,-0.21660477333389655,2.33222823935255e-16
GilBERTo,43,4,firstrun_dur,-0.08278171202219155,0.001913828146745601
GilBERTo,43,5,firstrun_dur,-0.004347687535141961,0.8707504009376601
GilBERTo,43,6,firstrun_dur,0.0927361853182968,0.0005051944923523073
GilBERTo,43,7,firstrun_dur,0.009411371904401654,0.7246792932205149
GilBERTo,43,8,firstrun_dur,-0.0013522588432407156,0.9596395198962002
GilBERTo,43,9,firstrun_dur,0.15226434286807103,9.944169745373428e-09
GilBERTo,43,10,firstrun_dur,0.08078917905508247,0.0024589695331055346
GilBERTo,43,11,firstrun_dur,0.15492674276783583,5.440187206438072e-09
GilBERTo,43,0,firstrun_nfix,-0.34895374126558626,1.9129721870054238e-41
GilBERTo,43,1,firstrun_nfix,-0.3283514469150084,1.2692899919618342e-36
GilBERTo,43,2,firstrun_nfix,-0.4035759058585823,4.328086394632481e-56
GilBERTo,43,3,firstrun_nfix,-0.22387246599777824,2.1393169523366257e-17
GilBERTo,43,4,firstrun_nfix,-0.08781374230039894,0.0009925201204690314
GilBERTo,43,5,firstrun_nfix,-0.022424431714837323,0.4013005444992077
GilBERTo,43,6,firstrun_nfix,0.07600559094678236,0.004392616795815187
GilBERTo,43,7,firstrun_nfix,0.020150355563709553,0.4507480596774064
GilBERTo,43,8,firstrun_nfix,0.005312629043751882,0.8424056786101838
GilBERTo,43,9,firstrun_nfix,0.15657919873143575,3.721793763810602e-09
GilBERTo,43,10,firstrun_nfix,0.07983997166177283,0.0027656673661835976
GilBERTo,43,11,firstrun_nfix,0.13171136160837393,7.396610986374095e-07
GilBERTo,43,0,nfix,-0.36355063828601525,4.3639046070128794e-45
GilBERTo,43,1,nfix,-0.37503720904007426,4.3432061488092785e-48
GilBERTo,43,2,nfix,-0.4225388990799627,7.4041854591787335e-62
GilBERTo,43,3,nfix,-0.22872868829377296,4.1346664309330555e-18
GilBERTo,43,4,nfix,-0.10430850409247616,9.068733980122834e-05
GilBERTo,43,5,nfix,-0.008390707181944354,0.7535110815088139
GilBERTo,43,6,nfix,0.07414561036862502,0.005459447789683447
GilBERTo,43,7,nfix,0.02934128448263246,0.27208099620087167
GilBERTo,43,8,nfix,0.013807677193241424,0.605328683109429
GilBERTo,43,9,nfix,0.13754319185942296,2.3170993501680636e-07
GilBERTo,43,10,nfix,0.059841865345714014,0.024994586559064627
GilBERTo,43,11,nfix,0.13795057502263386,2.1327442984886995e-07
GilBERTo,44,0,dur,-0.3293190913577317,1.4020542908758126e-41
GilBERTo,44,1,dur,-0.32959769238354275,1.1893306137931268e-41
GilBERTo,44,2,dur,-0.4073777452977599,1.083380473081396e-64
GilBERTo,44,3,dur,-0.224667239072478,1.1537241309144092e-19
GilBERTo,44,4,dur,-0.10845755477228104,1.4454436349858467e-05
GilBERTo,44,5,dur,-0.004748935364452148,0.8498309212625906
GilBERTo,44,6,dur,0.0518293863570351,0.038663395865864245
GilBERTo,44,7,dur,-0.0012801857661430998,0.959294322510919
GilBERTo,44,8,dur,0.008116300009971381,0.7462482174941062
GilBERTo,44,9,dur,0.12481813061003581,5.857276529750391e-07
GilBERTo,44,10,dur,0.06754503020262377,0.007017752508089361
GilBERTo,44,11,dur,0.08016427771927633,0.0013686353191151518
GilBERTo,44,0,firstfix_dur,-0.2816982846644963,2.00438644642862e-30
GilBERTo,44,1,firstfix_dur,-0.26496080876459077,5.5279701147602626e-27
GilBERTo,44,2,firstfix_dur,-0.32887488598479564,1.822012127766756e-41
GilBERTo,44,3,firstfix_dur,-0.1657496946108829,2.8470036722565065e-11
GilBERTo,44,4,firstfix_dur,-0.08695280002368877,0.0005141755049613953
GilBERTo,44,5,firstfix_dur,0.019721652708379837,0.4316625410305419
GilBERTo,44,6,firstfix_dur,0.052174988153789376,0.037382846586508256
GilBERTo,44,7,firstfix_dur,-0.008032368343828426,0.7487834286218076
GilBERTo,44,8,firstfix_dur,0.005917923688577867,0.8134784425137285
GilBERTo,44,9,firstfix_dur,0.13115866765687975,1.5061532635429376e-07
GilBERTo,44,10,firstfix_dur,0.06767774240071274,0.006906694458041314
GilBERTo,44,11,firstfix_dur,0.10552417272823643,2.4552125822377983e-05
GilBERTo,44,0,firstrun_dur,-0.29398940678059304,4.167209778669505e-33
GilBERTo,44,1,firstrun_dur,-0.2633138834632719,1.1698936387305912e-26
GilBERTo,44,2,firstrun_dur,-0.34786704795036066,1.6766626398879304e-46
GilBERTo,44,3,firstrun_dur,-0.1812921724013913,3.138275866351357e-13
GilBERTo,44,4,firstrun_dur,-0.10138586409213426,5.066196995394169e-05
GilBERTo,44,5,firstrun_dur,0.005688005238065424,0.8205992721049155
GilBERTo,44,6,firstrun_dur,0.03357517062002092,0.18058032236020588
GilBERTo,44,7,firstrun_dur,-0.010034524031140201,0.6891036016951785
GilBERTo,44,8,firstrun_dur,-0.003709722979503688,0.8824203235680862
GilBERTo,44,9,firstrun_dur,0.1306029409832281,1.7009737229907528e-07
GilBERTo,44,10,firstrun_dur,0.09422136806247859,0.00016665186346469016
GilBERTo,44,11,firstrun_dur,0.053890520662436076,0.03154741750760363
GilBERTo,44,0,firstrun_nfix,-0.2605206294066031,4.121908178932941e-26
GilBERTo,44,1,firstrun_nfix,-0.2554311849029899,3.933600915568083e-25
GilBERTo,44,2,firstrun_nfix,-0.321607775551293,1.2455276520804958e-39
GilBERTo,44,3,firstrun_nfix,-0.17700195951761402,1.1351278002174538e-12
GilBERTo,44,4,firstrun_nfix,-0.09284687489589002,0.00020751779730958782
GilBERTo,44,5,firstrun_nfix,-0.008389607091246533,0.7380119257699915
GilBERTo,44,6,firstrun_nfix,0.0246854588149141,0.32495669151501927
GilBERTo,44,7,firstrun_nfix,0.0010959983856735894,0.9651468368678311
GilBERTo,44,8,firstrun_nfix,0.005206485537371037,0.8355597663324773
GilBERTo,44,9,firstrun_nfix,0.10795675613062705,1.583800367404366e-05
GilBERTo,44,10,firstrun_nfix,0.06455658529128477,0.009981651949940063
GilBERTo,44,11,firstrun_nfix,0.023010851173210094,0.35886476665488465
GilBERTo,44,0,nfix,-0.3319939105636428,2.868028307617892e-42
GilBERTo,44,1,nfix,-0.3280248947337161,3.0043865774382607e-41
GilBERTo,44,2,nfix,-0.4003856703995931,2.3572628447693944e-62
GilBERTo,44,3,nfix,-0.2120957740320566,1.1947379363432842e-17
GilBERTo,44,4,nfix,-0.09427620816752008,0.0001651899614906815
GilBERTo,44,5,nfix,0.0008022016501761665,0.9744859192770827
GilBERTo,44,6,nfix,0.06746458909011147,0.007085845692015544
GilBERTo,44,7,nfix,8.647742245465733e-05,0.9972491163927323
GilBERTo,44,8,nfix,0.014710354195534072,0.5575314975354748
GilBERTo,44,9,nfix,0.12969230331789636,2.0739266260845924e-07
GilBERTo,44,10,nfix,0.05723773800791322,0.02237992374925591
GilBERTo,44,11,nfix,0.07755753299729536,0.0019564123755543422
BERT XXL,1,0,dur,-0.32754296688502066,1.4302044264083936e-49
BERT XXL,1,1,dur,-0.16156664920882202,8.945829485900372e-13
BERT XXL,1,2,dur,-0.01563385064516444,0.4921119622301583
BERT XXL,1,3,dur,0.03924691397019619,0.08451410394509214
BERT XXL,1,4,dur,0.06082596802985571,0.007472582917844131
BERT XXL,1,5,dur,-0.21146604881050107,5.5741822931875896e-21
BERT XXL,1,6,dur,-0.3794117849963029,3.197789014623401e-67
BERT XXL,1,7,dur,-0.268839332602973,2.345009191937764e-33
BERT XXL,1,8,dur,0.08732471796178022,0.00012096054547259019
BERT XXL,1,9,dur,0.13714236754949694,1.4101801185054167e-09
BERT XXL,1,10,dur,-0.01514644526508779,0.5057087155939939
BERT XXL,1,11,dur,0.0519370303644069,0.02239962636739316
BERT XXL,1,0,firstfix_dur,-0.2871318706715893,5.246579715974137e-38
BERT XXL,1,1,firstfix_dur,-0.14389280312677108,2.0790747312541836e-10
BERT XXL,1,2,firstfix_dur,-0.038432698197876806,0.09116979103957287
BERT XXL,1,3,firstfix_dur,0.017083684145056687,0.45285224310446504
BERT XXL,1,4,firstfix_dur,0.023338201526631228,0.30509861223299506
BERT XXL,1,5,firstfix_dur,-0.1990119853962025,1.0229612146751377e-18
BERT XXL,1,6,firstfix_dur,-0.3203417102300298,2.242293404695076e-47
BERT XXL,1,7,firstfix_dur,-0.24424082006974723,1.1943917239158994e-27
BERT XXL,1,8,firstfix_dur,0.045583450943024816,0.04508479245060684
BERT XXL,1,9,firstfix_dur,0.10872780701469044,1.6559367135178547e-06
BERT XXL,1,10,firstfix_dur,-0.06326876275719255,0.005391584279233105
BERT XXL,1,11,firstfix_dur,0.025793384245579972,0.2570109457992801
BERT XXL,1,0,firstrun_dur,-0.3148325553837563,9.773393697864871e-46
BERT XXL,1,1,firstrun_dur,-0.16335799882010948,4.969647849368542e-13
BERT XXL,1,2,firstrun_dur,-0.04965449492659548,0.029032950209608686
BERT XXL,1,3,firstrun_dur,0.002454940584452893,0.9141035686412899
BERT XXL,1,4,firstrun_dur,0.010937487555973078,0.6308152067108346
BERT XXL,1,5,firstrun_dur,-0.21349325343923448,2.3111045904528345e-21
BERT XXL,1,6,firstrun_dur,-0.3453754405351264,2.8708685822510892e-55
BERT XXL,1,7,firstrun_dur,-0.2647124996197444,2.348496162328643e-32
BERT XXL,1,8,firstrun_dur,0.047699583839974545,0.03599428182798358
BERT XXL,1,9,firstrun_dur,0.09635469791419533,2.201026978062737e-05
BERT XXL,1,10,firstrun_dur,-0.058606019373608285,0.009960006506218928
BERT XXL,1,11,firstrun_dur,0.014565758599759511,0.5221619816259645
BERT XXL,1,0,firstrun_nfix,-0.29468254127526533,4.969688709330613e-40
BERT XXL,1,1,firstrun_nfix,-0.1403003928431969,5.824543675882667e-10
BERT XXL,1,2,firstrun_nfix,-0.0449417622264894,0.048197274351475854
BERT XXL,1,3,firstrun_nfix,-0.014462558770427753,0.5251145737941219
BERT XXL,1,4,firstrun_nfix,0.018132387123432032,0.42559248307680564
BERT XXL,1,5,firstrun_nfix,-0.18711901164317563,1.086759324452114e-16
BERT XXL,1,6,firstrun_nfix,-0.3124366475240572,4.92329031111423e-45
BERT XXL,1,7,firstrun_nfix,-0.21743759902927595,4.0608300810996645e-22
BERT XXL,1,8,firstrun_nfix,0.05225651659956321,0.021585234263366414
BERT XXL,1,9,firstrun_nfix,0.09528531784727562,2.714967675676244e-05
BERT XXL,1,10,firstrun_nfix,-0.05329320843761628,0.019117426664157364
BERT XXL,1,11,firstrun_nfix,-0.006720008281090302,0.7677926705282738
BERT XXL,1,0,nfix,-0.3080923345615785,8.893082235270348e-44
BERT XXL,1,1,nfix,-0.13164061032909014,6.275312058492687e-09
BERT XXL,1,2,nfix,-0.004262699506531616,0.8514308921968798
BERT XXL,1,3,nfix,0.04050799813312368,0.07498612442741867
BERT XXL,1,4,nfix,0.07114392876860051,0.0017489576661961629
BERT XXL,1,5,nfix,-0.189389582915985,4.564595741181224e-17
BERT XXL,1,6,nfix,-0.34911067567431064,1.6463223924248414e-56
BERT XXL,1,7,nfix,-0.2571689151844332,1.4274900018249216e-30
BERT XXL,1,8,nfix,0.08908643821671736,8.78054701925331e-05
BERT XXL,1,9,nfix,0.12617434006635475,2.6059787691781375e-08
BERT XXL,1,10,nfix,-0.0061963061640999545,0.7854278423497992
BERT XXL,1,11,nfix,0.06125097098773548,0.0070654991017281826
BERT XXL,26,0,dur,-0.28895756496338737,6.167837970266355e-42
BERT XXL,26,1,dur,-0.14106361467576978,7.287255363966648e-11
BERT XXL,26,2,dur,-0.07824532442092841,0.00031702312950705703
BERT XXL,26,3,dur,-0.010625233566406121,0.6253695549427291
BERT XXL,26,4,dur,-0.020722467395064004,0.34093389207900215
BERT XXL,26,5,dur,-0.21281307598218188,4.486165065160022e-23
BERT XXL,26,6,dur,-0.3082583622098417,9.07455858285214e-48
BERT XXL,26,7,dur,-0.24330945123941242,7.304392866406864e-30
BERT XXL,26,8,dur,0.0029839940033576807,0.8909375269551322
BERT XXL,26,9,dur,0.09593089672520602,9.947129240241498e-06
BERT XXL,26,10,dur,-0.05933836037105346,0.006351408605338353
BERT XXL,26,11,dur,-0.02689657731535459,0.21640284868486262
BERT XXL,26,0,firstfix_dur,-0.24725914638779875,8.150733641733653e-31
BERT XXL,26,1,firstfix_dur,-0.11628460292819291,8.248862948603293e-08
BERT XXL,26,2,firstfix_dur,-0.04442004296521418,0.041136048123107186
BERT XXL,26,3,firstfix_dur,0.004658448680900642,0.830498846126378
BERT XXL,26,4,firstfix_dur,-0.004409037560392075,0.8394469543993138
BERT XXL,26,5,firstfix_dur,-0.1646031078716781,2.6228958374505193e-14
BERT XXL,26,6,firstfix_dur,-0.2883298600670849,9.383347241618923e-42
BERT XXL,26,7,firstfix_dur,-0.21689984276675717,6.300900631944621e-24
BERT XXL,26,8,firstfix_dur,0.007586449923427283,0.7273817860478862
BERT XXL,26,9,firstfix_dur,0.08388602750486314,0.00011271173433955952
BERT XXL,26,10,firstfix_dur,-0.06935510709948328,0.0014188762552445877
BERT XXL,26,11,firstfix_dur,-0.032579028056013724,0.13427922137066178
BERT XXL,26,0,firstrun_dur,-0.24940278805986416,2.4386048653743735e-31
BERT XXL,26,1,firstrun_dur,-0.12462596952359795,8.970819381474056e-09
BERT XXL,26,2,firstrun_dur,-0.0442006003651637,0.042147823259403715
BERT XXL,26,3,firstrun_dur,0.003746719672955932,0.8633067511589814
BERT XXL,26,4,firstrun_dur,-0.014442668089604564,0.5068883927482881
BERT XXL,26,5,firstrun_dur,-0.20982214872034088,1.8395823124536363e-22
BERT XXL,26,6,firstrun_dur,-0.29301866828411205,3.980529035810677e-43
BERT XXL,26,7,firstrun_dur,-0.24196032812938942,1.5310651380154865e-29
BERT XXL,26,8,firstrun_dur,-0.00043176875880016486,0.9841708223063351
BERT XXL,26,9,firstrun_dur,0.0819849742236074,0.00016087609037605246
BERT XXL,26,10,firstrun_dur,-0.06013248675472136,0.005680869879072766
BERT XXL,26,11,firstrun_dur,0.004960551283826254,0.8196897761094943
BERT XXL,26,0,firstrun_nfix,-0.23635419901741883,3.1579289014887304e-28
BERT XXL,26,1,firstrun_nfix,-0.10268367214978044,2.2348976378500803e-06
BERT XXL,26,2,firstrun_nfix,-0.05250165969587712,0.015771014474519236
BERT XXL,26,3,firstrun_nfix,0.0011117639181238354,0.9592563957387135
BERT XXL,26,4,firstrun_nfix,0.0002288412079470555,0.9916100022568908
BERT XXL,26,5,firstrun_nfix,-0.1740297311546784,7.728926882139055e-16
BERT XXL,26,6,firstrun_nfix,-0.2622232343702732,1.4018444426088096e-34
BERT XXL,26,7,firstrun_nfix,-0.2151703330303686,1.4531122031004777e-23
BERT XXL,26,8,firstrun_nfix,-0.00232526297713814,0.914909212561096
BERT XXL,26,9,firstrun_nfix,0.0887419824812558,4.3915491740276755e-05
BERT XXL,26,10,firstrun_nfix,-0.06435017115513779,0.003076122478329001
BERT XXL,26,11,firstrun_nfix,-0.02095169903768589,0.3356185395753316
BERT XXL,26,0,nfix,-0.2787768929293477,4.883148685922093e-39
BERT XXL,26,1,nfix,-0.13226892425332337,1.029702386919282e-09
BERT XXL,26,2,nfix,-0.07144232014061654,0.0010124243909321073
BERT XXL,26,3,nfix,-0.01376352106442044,0.5270743445674635
BERT XXL,26,4,nfix,-0.014073217048002526,0.5178188165353186
BERT XXL,26,5,nfix,-0.19622220581531688,8.605000467632258e-20
BERT XXL,26,6,nfix,-0.290550448463083,2.11655102845785e-42
BERT XXL,26,7,nfix,-0.22182207713480898,5.61555482296928e-25
BERT XXL,26,8,nfix,0.01339440402355339,0.5382148684603401
BERT XXL,26,9,nfix,0.10810484326215304,6.288525066241425e-07
BERT XXL,26,10,nfix,-0.053903487051479515,0.013185307267051256
BERT XXL,26,11,nfix,-0.03742719583168754,0.08535573541818336
BERT XXL,38,0,dur,-0.28928677215148396,8.499920439961162e-32
BERT XXL,38,1,dur,-0.16152645027097398,1.0906293185110951e-10
BERT XXL,38,2,dur,-0.018447656094735837,0.46398719675991584
BERT XXL,38,3,dur,0.0401314793956614,0.11103383596121241
BERT XXL,38,4,dur,0.016496287699936947,0.51258068888061
BERT XXL,38,5,dur,-0.20220940827540163,5.056586963746045e-16
BERT XXL,38,6,dur,-0.3495603125954149,1.4331390457792575e-46
BERT XXL,38,7,dur,-0.3390121143998836,9.760059042933759e-44
BERT XXL,38,8,dur,0.059921574829604835,0.017285381106843467
BERT XXL,38,9,dur,0.12679092875077078,4.347802367647827e-07
BERT XXL,38,10,dur,-0.035401447280897495,0.15983848099545178
BERT XXL,38,11,dur,0.025997781921095607,0.3020284566108937
BERT XXL,38,0,firstfix_dur,-0.22526987300877552,1.3260486211304427e-19
BERT XXL,38,1,firstfix_dur,-0.10319995911943752,4.0041151962745744e-05
BERT XXL,38,2,firstfix_dur,-0.04642314055105177,0.06523449541157941
BERT XXL,38,3,firstfix_dur,-0.007815022265507551,0.7564065499966893
BERT XXL,38,4,firstfix_dur,-0.03043382850694274,0.22694083702755444
BERT XXL,38,5,firstfix_dur,-0.19127011105501532,1.8184640713307366e-14
BERT XXL,38,6,firstfix_dur,-0.2957772119720579,3.153177951290693e-33
BERT XXL,38,7,firstfix_dur,-0.30404064376355977,4.1976308753573177e-35
BERT XXL,38,8,firstfix_dur,0.05064704665912267,0.044261859881699964
BERT XXL,38,9,firstfix_dur,0.1022247422485303,4.73728371127771e-05
BERT XXL,38,10,firstfix_dur,-0.0723599099446489,0.0040285017346336945
BERT XXL,38,11,firstfix_dur,-0.03544830280133697,0.159286122115775
BERT XXL,38,0,firstrun_dur,-0.21066812359880624,2.7424597636039475e-17
BERT XXL,38,1,firstrun_dur,-0.1254651069528601,5.738959810193797e-07
BERT XXL,38,2,firstrun_dur,-0.030710783959203382,0.22273888002763612
BERT XXL,38,3,firstrun_dur,0.025037812058935977,0.3202370290242431
BERT XXL,38,4,firstrun_dur,-0.02238074953851878,0.374292966620868
BERT XXL,38,5,firstrun_dur,-0.19866163454377467,1.6534965098682953e-15
BERT XXL,38,6,firstrun_dur,-0.30790661205281716,5.300734208969599e-36
BERT XXL,38,7,firstrun_dur,-0.29686840171894346,1.797031119268632e-33
BERT XXL,38,8,firstrun_dur,0.06050949951993217,0.016217639502734877
BERT XXL,38,9,firstrun_dur,0.0960412571741431,0.00013293341228205575
BERT XXL,38,10,firstrun_dur,-0.028013576026019185,0.2660740617160463
BERT XXL,38,11,firstrun_dur,-0.023680866755768533,0.3471733078350575
BERT XXL,38,0,firstrun_nfix,-0.17430419404251463,3.1242856476038247e-12
BERT XXL,38,1,firstrun_nfix,-0.0891118814551888,0.0003939076528531515
BERT XXL,38,2,firstrun_nfix,0.0020472846014083987,0.9352335366493814
BERT XXL,38,3,firstrun_nfix,0.036234860914323895,0.150227831518626
BERT XXL,38,4,firstrun_nfix,0.012244929062696834,0.6269310637942325
BERT XXL,38,5,firstrun_nfix,-0.17609096173294847,1.8597118670829177e-12
BERT XXL,38,6,firstrun_nfix,-0.2343901950634174,3.899261608126195e-21
BERT XXL,38,7,firstrun_nfix,-0.23373643095001123,5.046323906684638e-21
BERT XXL,38,8,firstrun_nfix,0.057876835889684564,0.02149314503889403
BERT XXL,38,9,firstrun_nfix,0.05261253173722378,0.03663810715549239
BERT XXL,38,10,firstrun_nfix,-0.026192592812364048,0.2984190271280812
BERT XXL,38,11,firstrun_nfix,0.021603573209939116,0.3911125932778837
BERT XXL,38,0,nfix,-0.2898321939237528,6.465762010948208e-32
BERT XXL,38,1,nfix,-0.15671981143865288,3.866422275695124e-10
BERT XXL,38,2,nfix,-0.014419086926852865,0.567077862206635
BERT XXL,38,3,nfix,0.03966739305808532,0.11522858915100646
BERT XXL,38,4,nfix,0.028217350175874803,0.2626105704485652
BERT XXL,38,5,nfix,-0.19106477235963246,1.9410768411517028e-14
BERT XXL,38,6,nfix,-0.3432720023964383,7.21804758208593e-45
BERT XXL,38,7,nfix,-0.3260364911800343,2.1219115961411177e-40
BERT XXL,38,8,nfix,0.062290414771393535,0.013328462347334398
BERT XXL,38,9,nfix,0.11881364771522065,2.214523997485201e-06
BERT XXL,38,10,nfix,-0.044699627019499644,0.075876371305347
BERT XXL,38,11,nfix,0.03457999730780136,0.169758701743584
BERT XXL,43,0,dur,-0.24944811680896856,2.412284694178221e-21
BERT XXL,43,1,dur,-0.16328419237183317,7.653236540351224e-10
BERT XXL,43,2,dur,-0.053227508164806425,0.046222062830056546
BERT XXL,43,3,dur,0.0072708879758977656,0.785542132000131
BERT XXL,43,4,dur,0.01913652585448608,0.473857560452286
BERT XXL,43,5,dur,-0.2246174507310348,1.6666414047624422e-17
BERT XXL,43,6,dur,-0.2897660018503294,1.523723060724407e-28
BERT XXL,43,7,dur,-0.2831788708368329,2.7768301838121166e-27
BERT XXL,43,8,dur,0.031674760789778864,0.23575257554671983
BERT XXL,43,9,dur,0.09428964545562506,0.00040545598653184985
BERT XXL,43,10,dur,-0.0551198634131443,0.03898603968953402
BERT XXL,43,11,dur,0.016064575665279048,0.5476884554444975
BERT XXL,43,0,firstfix_dur,-0.2600271791317836,4.08536647430844e-23
BERT XXL,43,1,firstfix_dur,-0.15679118368037243,3.543861156222817e-09
BERT XXL,43,2,firstfix_dur,-0.06668562437456502,0.01247643038806406
BERT XXL,43,3,firstfix_dur,-0.006386956522859793,0.81108763433361
BERT XXL,43,4,firstfix_dur,0.021576789794245634,0.4193394647670372
BERT XXL,43,5,firstfix_dur,-0.2130948876959679,7.172926695344163e-16
BERT XXL,43,6,firstfix_dur,-0.28359431801093876,2.317579727672097e-27
BERT XXL,43,7,firstfix_dur,-0.2704821330540837,6.016122266230796e-25
BERT XXL,43,8,firstfix_dur,0.011705897180175083,0.6613226408876429
BERT XXL,43,9,firstfix_dur,0.05705012024034823,0.03261901175840645
BERT XXL,43,10,firstfix_dur,-0.057659275825094405,0.03080406427436009
BERT XXL,43,11,firstfix_dur,0.014241544849468678,0.5940391130126668
BERT XXL,43,0,firstrun_dur,-0.24978583096018853,2.1239972181083125e-21
BERT XXL,43,1,firstrun_dur,-0.16099513003094318,1.3231282153116165e-09
BERT XXL,43,2,firstrun_dur,-0.0624161089894522,0.01938237640680166
BERT XXL,43,3,firstrun_dur,0.006250341819069641,0.815054518448606
BERT XXL,43,4,firstrun_dur,0.031456120856960666,0.2390032413189447
BERT XXL,43,5,firstrun_dur,-0.21541218690700772,3.4238367583148926e-16
BERT XXL,43,6,firstrun_dur,-0.2753481209078074,7.918888413891612e-26
BERT XXL,43,7,firstrun_dur,-0.28601584316601475,8.030433136685608e-28
BERT XXL,43,8,firstrun_dur,0.008681462860192012,0.7452607461917725
BERT XXL,43,9,firstrun_dur,0.06700182650589431,0.012064651800359002
BERT XXL,43,10,firstrun_dur,-0.04379777472623553,0.10103797556438333
BERT XXL,43,11,firstrun_dur,0.023693011228551688,0.3751897621584298
BERT XXL,43,0,firstrun_nfix,-0.23207420495882286,1.3031726152736293e-18
BERT XXL,43,1,firstrun_nfix,-0.15799967211819815,2.676940163690303e-09
BERT XXL,43,2,firstrun_nfix,-0.0638252965863492,0.0168030800404139
BERT XXL,43,3,firstrun_nfix,0.003423041989881152,0.8980684496246428
BERT XXL,43,4,firstrun_nfix,0.012564769723279778,0.6381884488372322
BERT XXL,43,5,firstrun_nfix,-0.2299234123092982,2.7433355952467393e-18
BERT XXL,43,6,firstrun_nfix,-0.2521407222476781,8.697797149358465e-22
BERT XXL,43,7,firstrun_nfix,-0.2678694869566907,1.7570160967261404e-24
BERT XXL,43,8,firstrun_nfix,0.014226957288230566,0.5944171255557233
BERT XXL,43,9,firstrun_nfix,0.07270145804878306,0.006443191189117179
BERT XXL,43,10,firstrun_nfix,-0.03341117147306305,0.2110424906286078
BERT XXL,43,11,firstrun_nfix,0.00330503364641654,0.9015643260726578
BERT XXL,43,0,nfix,-0.23323178123486948,8.702714292798276e-19
BERT XXL,43,1,nfix,-0.15165065697148142,1.1410612799781339e-08
BERT XXL,43,2,nfix,-0.05346928272911902,0.04523881060181579
BERT XXL,43,3,nfix,0.00013267292122517033,0.9960384773703965
BERT XXL,43,4,nfix,0.01769256698153894,0.5078652964232485
BERT XXL,43,5,nfix,-0.22534578585791912,1.3045372874178184e-17
BERT XXL,43,6,nfix,-0.2759674112293567,6.099511314892441e-26
BERT XXL,43,7,nfix,-0.26885754469087964,1.1731436980659359e-24
BERT XXL,43,8,nfix,0.05667873467211357,0.033769829439715154
BERT XXL,43,9,nfix,0.09246330482792608,0.0005249159698252287
BERT XXL,43,10,nfix,-0.04871030313776689,0.06815496059972177
BERT XXL,43,11,nfix,-0.004742496820703893,0.859130846850746
BERT XXL,44,0,dur,-0.22079007077071347,4.9764535070982e-19
BERT XXL,44,1,dur,-0.11480460976650354,4.3842400099157435e-06
BERT XXL,44,2,dur,-0.030265947258614714,0.227456999879092
BERT XXL,44,3,dur,-0.030620915204763444,0.22204915961916474
BERT XXL,44,4,dur,-0.008049689460993955,0.7482600096590426
BERT XXL,44,5,dur,-0.17550828645693856,1.7628346035020072e-12
BERT XXL,44,6,dur,-0.28303793989985704,1.0377932242185068e-30
BERT XXL,44,7,dur,-0.21886269633958638,1.0187295188721352e-18
BERT XXL,44,8,dur,0.04753583073424572,0.057926212922840545
BERT XXL,44,9,dur,0.11684707225692546,2.9461021339584174e-06
BERT XXL,44,10,dur,-0.008164770005560776,0.7447853964092599
BERT XXL,44,11,dur,0.026463914964741785,0.2913053661292764
BERT XXL,44,0,firstfix_dur,-0.17176810692796388,5.21926765210006e-12
BERT XXL,44,1,firstfix_dur,-0.06361317569179469,0.011125385842724468
BERT XXL,44,2,firstfix_dur,-0.027621151401867324,0.2707117407851072
BERT XXL,44,3,firstfix_dur,-0.008758127815900022,0.7269538637729148
BERT XXL,44,4,firstfix_dur,0.017424601333599226,0.48721445169409205
BERT XXL,44,5,firstfix_dur,-0.15484226651346397,5.270616895897641e-10
BERT XXL,44,6,firstfix_dur,-0.250251424120506,3.712325250073584e-24
BERT XXL,44,7,firstfix_dur,-0.18776785988706593,4.2434261512782975e-14
BERT XXL,44,8,firstfix_dur,-0.00028711573482434927,0.9908669074863234
BERT XXL,44,9,firstfix_dur,0.09184367645406322,0.00024309140781755042
BERT XXL,44,10,firstfix_dur,-0.019073237211954922,0.4469610275970013
BERT XXL,44,11,firstfix_dur,0.02479547928197845,0.3228043458119435
BERT XXL,44,0,firstrun_dur,-0.14774166286491677,3.165566428277585e-09
BERT XXL,44,1,firstrun_dur,-0.0852268110248256,0.0006639143621548371
BERT XXL,44,2,firstrun_dur,-0.03453597671513656,0.16841653300253653
BERT XXL,44,3,firstrun_dur,-0.039395252466577775,0.11612669297719216
BERT XXL,44,4,firstrun_dur,-0.025504102288696363,0.30916455707305307
BERT XXL,44,5,firstrun_dur,-0.16682602528026835,2.111477861382428e-11
BERT XXL,44,6,firstrun_dur,-0.2439578703866085,5.299394718069473e-23
BERT XXL,44,7,firstrun_dur,-0.19906375688790914,1.0858770075555385e-15
BERT XXL,44,8,firstrun_dur,0.029994549919585597,0.23165446573657755
BERT XXL,44,9,firstrun_dur,0.09193070306132202,0.0002397924407024432
BERT XXL,44,10,firstrun_dur,-0.007718654631588122,0.758283196904963
BERT XXL,44,11,firstrun_dur,0.02395383415001969,0.33950623786908884
BERT XXL,44,0,firstrun_nfix,-0.13956911298730962,2.247207448346802e-08
BERT XXL,44,1,firstrun_nfix,-0.07055334059124624,0.004856993345174212
BERT XXL,44,2,firstrun_nfix,-0.04452229834367745,0.07574619706250343
BERT XXL,44,3,firstrun_nfix,-0.06413824997997213,0.01047523474079211
BERT XXL,44,4,firstrun_nfix,-0.02082175372138709,0.40641281715807787
BERT XXL,44,5,firstrun_nfix,-0.13836066376553657,2.974756599744132e-08
BERT XXL,44,6,firstrun_nfix,-0.2181940596704513,1.3041033391998325e-18
BERT XXL,44,7,firstrun_nfix,-0.1884454178274196,3.427403514318537e-14
BERT XXL,44,8,firstrun_nfix,0.024172092079943044,0.335122779023421
BERT XXL,44,9,firstrun_nfix,0.08466066344925358,0.0007212572450663309
BERT XXL,44,10,firstrun_nfix,0.012739801867494245,0.611496931000581
BERT XXL,44,11,firstrun_nfix,0.006485516194627101,0.7959664553799497
BERT XXL,44,0,nfix,-0.22500179860028544,1.0156955111574814e-19
BERT XXL,44,1,nfix,-0.1076680181008762,1.669210146674398e-05
BERT XXL,44,2,nfix,-0.02467756761511052,0.32511142593895626
BERT XXL,44,3,nfix,-0.03843224777050959,0.12532423140077806
BERT XXL,44,4,nfix,-0.012654369483209797,0.6138880222431891
BERT XXL,44,5,nfix,-0.1718638357080871,5.077779769269572e-12
BERT XXL,44,6,nfix,-0.28420287225960683,5.837761967779812e-31
BERT XXL,44,7,nfix,-0.2156214114701437,3.347283400762696e-18
BERT XXL,44,8,nfix,0.05400869357922195,0.031175900747421204
BERT XXL,44,9,nfix,0.11285765506335643,6.364710948661094e-06
BERT XXL,44,10,nfix,-0.015570958068746777,0.5347121920514248
BERT XXL,44,11,nfix,0.02660845382523605,0.2886772109422145
ELECTRA XXL,1,0,dur,-0.3535665468467176,5.16749359507462e-58
ELECTRA XXL,1,1,dur,-0.43078298796470255,3.556404087563546e-88
ELECTRA XXL,1,2,dur,-0.31130015531358046,1.0545921964263313e-44
ELECTRA XXL,1,3,dur,-0.15001392213187748,3.3848791305695987e-11
ELECTRA XXL,1,4,dur,-0.1542479655372945,9.224927268296246e-12
ELECTRA XXL,1,5,dur,-0.22286383500219753,3.5097952157345967e-23
ELECTRA XXL,1,6,dur,-0.22712288271041428,4.9062580371007266e-24
ELECTRA XXL,1,7,dur,0.13753726420036622,1.2639488022028138e-09
ELECTRA XXL,1,8,dur,-0.37703367913041885,2.442207884745933e-66
ELECTRA XXL,1,9,dur,-0.2129348436001066,2.9480496605437008e-21
ELECTRA XXL,1,10,dur,-0.09059830907895398,6.639033344165679e-05
ELECTRA XXL,1,11,dur,-0.07408886466018269,0.0011150772084178443
ELECTRA XXL,1,0,firstfix_dur,-0.305549212680807,4.731298086269073e-43
ELECTRA XXL,1,1,firstfix_dur,-0.3699104910614238,9.742539645599903e-64
ELECTRA XXL,1,2,firstfix_dur,-0.26650172197016164,8.691941538868727e-33
ELECTRA XXL,1,3,firstfix_dur,-0.13271590270484443,4.709481302523731e-09
ELECTRA XXL,1,4,firstfix_dur,-0.151548803155355,2.1218036809399573e-11
ELECTRA XXL,1,5,firstfix_dur,-0.2243006876171316,1.815339829628459e-23
ELECTRA XXL,1,6,firstfix_dur,-0.22584661269781817,8.885176370349119e-24
ELECTRA XXL,1,7,firstfix_dur,0.06553263338947332,0.0039461340561501
ELECTRA XXL,1,8,firstfix_dur,-0.3570125883566721,3.419813024056016e-59
ELECTRA XXL,1,9,firstfix_dur,-0.22653682628549598,6.447337408668775e-24
ELECTRA XXL,1,10,firstfix_dur,-0.09337263322735723,3.930273378302478e-05
ELECTRA XXL,1,11,firstfix_dur,-0.09555239025854466,2.5768643058452253e-05
ELECTRA XXL,1,0,firstrun_dur,-0.3391252814847667,3.146488358257694e-53
ELECTRA XXL,1,1,firstrun_dur,-0.4135353064590066,1.0000129669949297e-80
ELECTRA XXL,1,2,firstrun_dur,-0.28688458720098886,6.09688309244593e-38
ELECTRA XXL,1,3,firstrun_dur,-0.14914851839213417,4.395351351097117e-11
ELECTRA XXL,1,4,firstrun_dur,-0.1669598314736137,1.493885146098113e-13
ELECTRA XXL,1,5,firstrun_dur,-0.2280958119737503,3.1122294278600682e-24
ELECTRA XXL,1,6,firstrun_dur,-0.25162930063829936,2.6762379426192483e-29
ELECTRA XXL,1,7,firstrun_dur,0.08258901502476002,0.00027802123297986526
ELECTRA XXL,1,8,firstrun_dur,-0.36780797694851597,5.54540133768633e-63
ELECTRA XXL,1,9,firstrun_dur,-0.2253216774540184,1.1331536489536351e-23
ELECTRA XXL,1,10,firstrun_dur,-0.09856710402140874,1.416016128006493e-05
ELECTRA XXL,1,11,firstrun_dur,-0.10557083955870074,3.2950111634026563e-06
ELECTRA XXL,1,0,firstrun_nfix,-0.30862656815889444,6.246547463265486e-44
ELECTRA XXL,1,1,firstrun_nfix,-0.36536982108544414,4.099523633414814e-62
ELECTRA XXL,1,2,firstrun_nfix,-0.2823809305556834,9.155746708775993e-37
ELECTRA XXL,1,3,firstrun_nfix,-0.13380080101279704,3.5171083799301362e-09
ELECTRA XXL,1,4,firstrun_nfix,-0.148606085481629,5.1733061765863906e-11
ELECTRA XXL,1,5,firstrun_nfix,-0.2015350530824816,3.6564034952370147e-19
ELECTRA XXL,1,6,firstrun_nfix,-0.20798100833769612,2.4796165095353963e-20
ELECTRA XXL,1,7,firstrun_nfix,0.08432358313437427,0.00020597318886692227
ELECTRA XXL,1,8,firstrun_nfix,-0.33216301541008236,5.191902615184646e-51
ELECTRA XXL,1,9,firstrun_nfix,-0.2274763788626562,4.1594311046216076e-24
ELECTRA XXL,1,10,firstrun_nfix,-0.06564622792733185,0.003883868098570066
ELECTRA XXL,1,11,firstrun_nfix,-0.08136813929381444,0.0003422185943620827
ELECTRA XXL,1,0,nfix,-0.3451868800085601,3.3131306836997156e-55
ELECTRA XXL,1,1,nfix,-0.40274638448329264,2.770094492549669e-76
ELECTRA XXL,1,2,nfix,-0.28766933778402226,3.7832930614817674e-38
ELECTRA XXL,1,3,nfix,-0.14109321482136022,4.650431256129287e-10
ELECTRA XXL,1,4,nfix,-0.147831272649476,6.522503433195331e-11
ELECTRA XXL,1,5,nfix,-0.2057069223531674,6.473726034946724e-20
ELECTRA XXL,1,6,nfix,-0.21001748171540016,1.039939901077408e-20
ELECTRA XXL,1,7,nfix,0.1464290750777264,9.890449496726837e-11
ELECTRA XXL,1,8,nfix,-0.3403153938105187,1.2972454015162477e-53
ELECTRA XXL,1,9,nfix,-0.22257588717125032,4.003330613665614e-23
ELECTRA XXL,1,10,nfix,-0.07968373019647351,0.0004537388635949851
ELECTRA XXL,1,11,nfix,-0.059213510712249486,0.009214920480569032
ELECTRA XXL,26,0,dur,-0.3354207809697442,9.429027345056443e-57
ELECTRA XXL,26,1,dur,-0.34034966951404944,1.7528482923895315e-58
ELECTRA XXL,26,2,dur,-0.2630126766634138,8.732996973407224e-35
ELECTRA XXL,26,3,dur,-0.17521737139592947,4.88701350280628e-16
ELECTRA XXL,26,4,dur,-0.16483854501192785,2.4077798325371334e-14
ELECTRA XXL,26,5,dur,-0.23461723520424513,7.938792183739349e-28
ELECTRA XXL,26,6,dur,-0.20758935783650978,5.201894523374139e-22
ELECTRA XXL,26,7,dur,0.06420723462975478,0.0031425540357742903
ELECTRA XXL,26,8,dur,-0.2990965142616066,6.054536282429638e-45
ELECTRA XXL,26,9,dur,-0.20127821680857505,9.211509062174754e-21
ELECTRA XXL,26,10,dur,-0.09211825005645485,2.215829319282737e-05
ELECTRA XXL,26,11,dur,-0.0980967422211457,6.226427339524926e-06
ELECTRA XXL,26,0,firstfix_dur,-0.2779395182240187,8.351130597095932e-39
ELECTRA XXL,26,1,firstfix_dur,-0.2970063546043278,2.583551944761593e-44
ELECTRA XXL,26,2,firstfix_dur,-0.23680482933256633,2.4831629863420444e-28
ELECTRA XXL,26,3,firstfix_dur,-0.12039466349259145,2.8166153315663307e-08
ELECTRA XXL,26,4,firstfix_dur,-0.13064118653919687,1.6502252099295256e-09
ELECTRA XXL,26,5,firstfix_dur,-0.20086757584717546,1.1069387143649308e-20
ELECTRA XXL,26,6,firstfix_dur,-0.1727031039913389,1.28480801342951e-15
ELECTRA XXL,26,7,firstfix_dur,0.051048469516987445,0.018911961270521537
ELECTRA XXL,26,8,firstfix_dur,-0.25152855899758114,7.285481064366249e-32
ELECTRA XXL,26,9,firstfix_dur,-0.16023309486391416,1.2552902155534242e-13
ELECTRA XXL,26,10,firstfix_dur,-0.10114505969455065,3.1670658836047245e-06
ELECTRA XXL,26,11,firstfix_dur,-0.09490255602824735,1.2382569934670412e-05
ELECTRA XXL,26,0,firstrun_dur,-0.30947049543584343,3.7716091523476755e-48
ELECTRA XXL,26,1,firstrun_dur,-0.32632609125831424,1.2185007207511595e-53
ELECTRA XXL,26,2,firstrun_dur,-0.24177171880573378,1.6973415964641628e-29
ELECTRA XXL,26,3,firstrun_dur,-0.16528023082197682,2.0499769863311122e-14
ELECTRA XXL,26,4,firstrun_dur,-0.16414784023616244,3.093797319264116e-14
ELECTRA XXL,26,5,firstrun_dur,-0.235691726275978,4.492406088939124e-28
ELECTRA XXL,26,6,firstrun_dur,-0.21558554562083848,1.1897683923442319e-23
ELECTRA XXL,26,7,firstrun_dur,0.05300919963421722,0.014787462420945465
ELECTRA XXL,26,8,firstrun_dur,-0.29478510459648855,1.1916497213260913e-43
ELECTRA XXL,26,9,firstrun_dur,-0.17676143761536312,2.6799562847333003e-16
ELECTRA XXL,26,10,firstrun_dur,-0.10039432423181702,3.747532595726996e-06
ELECTRA XXL,26,11,firstrun_dur,-0.10486841279227871,1.3507082417844344e-06
ELECTRA XXL,26,0,firstrun_nfix,-0.3002293833351009,2.743820788326297e-45
ELECTRA XXL,26,1,firstrun_nfix,-0.30725017837261814,1.8775886962405669e-47
ELECTRA XXL,26,2,firstrun_nfix,-0.22089495964759276,8.894381984814485e-25
ELECTRA XXL,26,3,firstrun_nfix,-0.1541227026751685,1.0429994361388214e-12
ELECTRA XXL,26,4,firstrun_nfix,-0.1471095824757092,1.0693070849219868e-11
ELECTRA XXL,26,5,firstrun_nfix,-0.20355400808749377,3.3035011391345328e-21
ELECTRA XXL,26,6,firstrun_nfix,-0.17556705887517335,4.26737723290039e-16
ELECTRA XXL,26,7,firstrun_nfix,0.03148365617532602,0.1478784026068341
ELECTRA XXL,26,8,firstrun_nfix,-0.2714862766873696,4.9049063034078066e-37
ELECTRA XXL,26,9,firstrun_nfix,-0.20465726491691277,2.0005821523910285e-21
ELECTRA XXL,26,10,firstrun_nfix,-0.07143345151904464,0.0010138961564884834
ELECTRA XXL,26,11,firstrun_nfix,-0.06472557978970399,0.002907695667838021
ELECTRA XXL,26,0,nfix,-0.3185129057992605,4.731378772242912e-51
ELECTRA XXL,26,1,nfix,-0.33670742318507124,3.3551935012254863e-57
ELECTRA XXL,26,2,nfix,-0.24645774296656706,1.2759085511493786e-30
ELECTRA XXL,26,3,nfix,-0.15293170616865542,1.5606086964693165e-12
ELECTRA XXL,26,4,nfix,-0.1360968433454753,3.3199733558409706e-10
ELECTRA XXL,26,5,nfix,-0.20107015719280094,1.0110696162161481e-20
ELECTRA XXL,26,6,nfix,-0.18206112343253716,3.269749245889341e-17
ELECTRA XXL,26,7,nfix,0.05482117262316224,0.011702619702995314
ELECTRA XXL,26,8,nfix,-0.29480128932071625,1.1785073166373332e-43
ELECTRA XXL,26,9,nfix,-0.21623435523504195,8.697817556097792e-24
ELECTRA XXL,26,10,nfix,-0.06338445075851144,0.0035510239134763414
ELECTRA XXL,26,11,nfix,-0.06835807885081016,0.0016619743374558765
ELECTRA XXL,38,0,dur,-0.336232423629399,5.223671695549796e-43
ELECTRA XXL,38,1,dur,-0.41085170609158594,2.6084641102228585e-65
ELECTRA XXL,38,2,dur,-0.3181075572496772,1.9386039780719652e-38
ELECTRA XXL,38,3,dur,-0.16501388002158954,4.2501371098106114e-11
ELECTRA XXL,38,4,dur,-0.16436276831495678,5.0755999967431165e-11
ELECTRA XXL,38,5,dur,-0.2264571114402461,8.451356682374018e-20
ELECTRA XXL,38,6,dur,-0.22642896719018715,8.5423417210834e-20
ELECTRA XXL,38,7,dur,0.13563248936120684,6.351485659550706e-08
ELECTRA XXL,38,8,dur,-0.32837156443479604,5.47031159649212e-41
ELECTRA XXL,38,9,dur,-0.197553520010684,2.3831507435283697e-15
ELECTRA XXL,38,10,dur,-0.11792695851116196,2.6372324314344855e-06
ELECTRA XXL,38,11,dur,-0.14278973157395813,1.2200120644942287e-08
ELECTRA XXL,38,0,firstfix_dur,-0.26780740930054925,2.526546943820288e-27
ELECTRA XXL,38,1,firstfix_dur,-0.34613043121525816,1.2289363394274574e-45
ELECTRA XXL,38,2,firstfix_dur,-0.2579753895701193,2.084561931763979e-25
ELECTRA XXL,38,3,firstfix_dur,-0.14193418103940933,1.4925202881509817e-08
ELECTRA XXL,38,4,firstfix_dur,-0.1339216366778387,9.306776296229296e-08
ELECTRA XXL,38,5,firstfix_dur,-0.19164606740244763,1.613385250397869e-14
ELECTRA XXL,38,6,firstfix_dur,-0.17804722125132785,1.0472789239896083e-12
ELECTRA XXL,38,7,firstfix_dur,0.04909378939275984,0.05119585844098038
ELECTRA XXL,38,8,firstfix_dur,-0.28528042263985326,6.223317786485055e-31
ELECTRA XXL,38,9,firstfix_dur,-0.15896905537628545,2.1487845734031836e-10
ELECTRA XXL,38,10,firstfix_dur,-0.08964737324595752,0.0003631416350280106
ELECTRA XXL,38,11,firstfix_dur,-0.12533497924639117,5.896583389778428e-07
ELECTRA XXL,38,0,firstrun_dur,-0.282748234991035,2.154100861168067e-30
ELECTRA XXL,38,1,firstrun_dur,-0.3325016549600312,4.831227397912428e-42
ELECTRA XXL,38,2,firstrun_dur,-0.25305789932161377,1.7672771440058963e-24
ELECTRA XXL,38,3,firstrun_dur,-0.15323085261810646,9.45841212138069e-10
ELECTRA XXL,38,4,firstrun_dur,-0.15203459626979463,1.279411885023446e-09
ELECTRA XXL,38,5,firstrun_dur,-0.22717019987621134,6.440025861613297e-20
ELECTRA XXL,38,6,firstrun_dur,-0.1942534799804562,6.988637287982375e-15
ELECTRA XXL,38,7,firstrun_dur,0.1042243789133898,3.35048102470448e-05
ELECTRA XXL,38,8,firstrun_dur,-0.2933726190705274,1.0792661968037235e-32
ELECTRA XXL,38,9,firstrun_dur,-0.1519953031556835,1.2921180347027583e-09
ELECTRA XXL,38,10,firstrun_dur,-0.08837050182326148,0.0004405330846025992
ELECTRA XXL,38,11,firstrun_dur,-0.1316563024953848,1.5322751722563816e-07
ELECTRA XXL,38,0,firstrun_nfix,-0.24443846967183663,6.704845715552514e-23
ELECTRA XXL,38,1,firstrun_nfix,-0.2688477423338047,1.5666949513694043e-27
ELECTRA XXL,38,2,firstrun_nfix,-0.196121260408076,3.810258139519046e-15
ELECTRA XXL,38,3,firstrun_nfix,-0.1367090776337504,4.982058543897643e-08
ELECTRA XXL,38,4,firstrun_nfix,-0.12054009287740365,1.5703781373126962e-06
ELECTRA XXL,38,5,firstrun_nfix,-0.21404262536988897,8.275343231464416e-18
ELECTRA XXL,38,6,firstrun_nfix,-0.16826360466226992,1.733988677008959e-11
ELECTRA XXL,38,7,firstrun_nfix,0.11960630719116945,1.8923390834124562e-06
ELECTRA XXL,38,8,firstrun_nfix,-0.20427258576755686,2.5130684230552317e-16
ELECTRA XXL,38,9,firstrun_nfix,-0.13137674736226415,1.6285811808479384e-07
ELECTRA XXL,38,10,firstrun_nfix,-0.07279423958876755,0.0038130273048654424
ELECTRA XXL,38,11,firstrun_nfix,-0.10143334245290608,5.423958235873159e-05
ELECTRA XXL,38,0,nfix,-0.3146994738841358,1.2950340223006014e-37
ELECTRA XXL,38,1,nfix,-0.38042311199571865,1.666748834351135e-55
ELECTRA XXL,38,2,nfix,-0.2982971755736486,8.574560565144352e-34
ELECTRA XXL,38,3,nfix,-0.15651718841418186,4.07485383176758e-10
ELECTRA XXL,38,4,nfix,-0.16200776496437952,9.58776705808201e-11
ELECTRA XXL,38,5,nfix,-0.21066119924036691,2.7491531900983284e-17
ELECTRA XXL,38,6,nfix,-0.2195861437635735,1.1059327443459277e-18
ELECTRA XXL,38,7,nfix,0.1575602281664033,3.1075224193988824e-10
ELECTRA XXL,38,8,nfix,-0.2886312424076,1.179902795300154e-31
ELECTRA XXL,38,9,nfix,-0.19859764390738355,1.6888690535253077e-15
ELECTRA XXL,38,10,nfix,-0.11401390003372977,5.6169748967833735e-06
ELECTRA XXL,38,11,nfix,-0.1293573638865736,2.520068107355121e-07
ELECTRA XXL,43,0,dur,-0.32547059439350357,5.609599931207534e-36
ELECTRA XXL,43,1,dur,-0.37246709907161196,2.0899395781263417e-47
ELECTRA XXL,43,2,dur,-0.2671053900720617,2.3984701810805557e-24
ELECTRA XXL,43,3,dur,-0.15594168909164563,4.310840202273546e-09
ELECTRA XXL,43,4,dur,-0.17050898479602342,1.2918459011183057e-10
ELECTRA XXL,43,5,dur,-0.20892658232486014,2.655369852910372e-15
ELECTRA XXL,43,6,dur,-0.24367592483442882,2.0623981591585436e-20
ELECTRA XXL,43,7,dur,0.1064853769904546,6.431389469847142e-05
ELECTRA XXL,43,8,dur,-0.31473714844888206,1.2375386874703009e-33
ELECTRA XXL,43,9,dur,-0.2264354117787875,9.028239964826805e-18
ELECTRA XXL,43,10,dur,-0.07907883581653737,0.0030363854980985346
ELECTRA XXL,43,11,dur,-0.05882975534030296,0.027558851830300667
ELECTRA XXL,43,0,firstfix_dur,-0.3019012907778961,5.9076809327512425e-31
ELECTRA XXL,43,1,firstfix_dur,-0.342973085839642,5.2389645617250305e-40
ELECTRA XXL,43,2,firstfix_dur,-0.2560441663229833,1.9397431723617045e-22
ELECTRA XXL,43,3,firstfix_dur,-0.15406525141298766,6.620198591883612e-09
ELECTRA XXL,43,4,firstfix_dur,-0.16406266802191094,6.341875412345352e-10
ELECTRA XXL,43,5,firstfix_dur,-0.212947974047439,7.515088303184213e-16
ELECTRA XXL,43,6,firstfix_dur,-0.2246822862188392,1.630748278973084e-17
ELECTRA XXL,43,7,firstfix_dur,0.07915074419277345,0.003009813416826179
ELECTRA XXL,43,8,firstfix_dur,-0.3175371945369935,3.092871511506209e-34
ELECTRA XXL,43,9,firstfix_dur,-0.23038386362443775,2.3406994824801524e-18
ELECTRA XXL,43,10,firstfix_dur,-0.057749660870686094,0.030542286495055065
ELECTRA XXL,43,11,firstfix_dur,-0.06874127420066596,0.010007521339876112
ELECTRA XXL,43,0,firstrun_dur,-0.28855390407309933,2.6146233919697633e-28
ELECTRA XXL,43,1,firstrun_dur,-0.3537963634165119,1.2434632468573243e-42
ELECTRA XXL,43,2,firstrun_dur,-0.24853609322742679,3.398498113360237e-21
ELECTRA XXL,43,3,firstrun_dur,-0.14081338290431888,1.1829971380061535e-07
ELECTRA XXL,43,4,firstrun_dur,-0.15670827683658536,3.612442682180915e-09
ELECTRA XXL,43,5,firstrun_dur,-0.19135621724160773,4.899226580326889e-13
ELECTRA XXL,43,6,firstrun_dur,-0.21981700469577736,8.198714390156987e-17
ELECTRA XXL,43,7,firstrun_dur,0.0925457389513959,0.0005188840474140599
ELECTRA XXL,43,8,firstrun_dur,-0.3080253850083739,3.235491910737068e-32
ELECTRA XXL,43,9,firstrun_dur,-0.22729453507688713,6.744927359238011e-18
ELECTRA XXL,43,10,firstrun_dur,-0.07912242293561703,0.0030202534871152926
ELECTRA XXL,43,11,firstrun_dur,-0.053894806071292316,0.04355106259083211
ELECTRA XXL,43,0,firstrun_nfix,-0.27543587438041073,7.631634425514322e-26
ELECTRA XXL,43,1,firstrun_nfix,-0.3423150743521056,7.507591710078313e-40
ELECTRA XXL,43,2,firstrun_nfix,-0.2376947972539961,1.7975685806465237e-19
ELECTRA XXL,43,3,firstrun_nfix,-0.1528246675896045,8.76623854846324e-09
ELECTRA XXL,43,4,firstrun_nfix,-0.15056121386040847,1.4546984094168884e-08
ELECTRA XXL,43,5,firstrun_nfix,-0.17040934372265287,1.3246372230480566e-10
ELECTRA XXL,43,6,firstrun_nfix,-0.21017491300483168,1.7994638739832766e-15
ELECTRA XXL,43,7,firstrun_nfix,0.07376918828345821,0.0057018776857016736
ELECTRA XXL,43,8,firstrun_nfix,-0.3015385631887682,7.001483155793188e-31
ELECTRA XXL,43,9,firstrun_nfix,-0.21467109200895979,4.341441345924759e-16
ELECTRA XXL,43,10,firstrun_nfix,-0.06804281355916955,0.01079274714917622
ELECTRA XXL,43,11,firstrun_nfix,-0.02853373782533368,0.2855011910161425
ELECTRA XXL,43,0,nfix,-0.33208995499120614,1.8014451001636747e-37
ELECTRA XXL,43,1,nfix,-0.36261589902430474,7.565499037319764e-45
ELECTRA XXL,43,2,nfix,-0.2651941184350029,5.201113439511554e-24
ELECTRA XXL,43,3,nfix,-0.16408237410603907,6.311699842417411e-10
ELECTRA XXL,43,4,nfix,-0.17479052315447638,4.3382596676854956e-11
ELECTRA XXL,43,5,nfix,-0.20191251409010033,2.2583521966246952e-14
ELECTRA XXL,43,6,nfix,-0.24241710182385917,3.268986982209036e-20
ELECTRA XXL,43,7,nfix,0.09064208468977317,0.0006760281509243391
ELECTRA XXL,43,8,nfix,-0.3098728473929883,1.3287714317181676e-32
ELECTRA XXL,43,9,nfix,-0.23717147344755296,2.1664000173123048e-19
ELECTRA XXL,43,10,nfix,-0.0889339254292311,0.0008535871973122176
ELECTRA XXL,43,11,nfix,-0.03365396685130146,0.2077422904285211
ELECTRA XXL,44,0,dur,-0.2778478787298094,1.302876061745018e-29
ELECTRA XXL,44,1,dur,-0.30868940981620296,1.7154902419777467e-36
ELECTRA XXL,44,2,dur,-0.2256939620809101,7.798152407142837e-20
ELECTRA XXL,44,3,dur,-0.17611511051195222,1.4748513629726916e-12
ELECTRA XXL,44,4,dur,-0.1468784442751803,3.914012724392868e-09
ELECTRA XXL,44,5,dur,-0.20945764151913537,3.05063142166118e-17
ELECTRA XXL,44,6,dur,-0.20710469526642378,6.964980810362201e-17
ELECTRA XXL,44,7,dur,0.11036998466383784,1.0158117880311637e-05
ELECTRA XXL,44,8,dur,-0.27885283758301277,8.016314685414374e-30
ELECTRA XXL,44,9,dur,-0.213940209083485,6.157530516392701e-18
ELECTRA XXL,44,10,dur,-0.07938071026763258,0.001525462331309576
ELECTRA XXL,44,11,dur,-0.05480367662219874,0.02877278625821928
ELECTRA XXL,44,0,firstfix_dur,-0.21253434353832695,1.0210930293897658e-17
ELECTRA XXL,44,1,firstfix_dur,-0.2670118575562005,2.157116387317236e-27
ELECTRA XXL,44,2,firstfix_dur,-0.17533446429982097,1.8550261521736794e-12
ELECTRA XXL,44,3,firstfix_dur,-0.15824420058619962,2.1670842773807545e-10
ELECTRA XXL,44,4,firstfix_dur,-0.1264308363220052,4.172101852543189e-07
ELECTRA XXL,44,5,firstfix_dur,-0.17637273257027972,1.367032472622735e-12
ELECTRA XXL,44,6,firstfix_dur,-0.17100191363688538,6.49973521469482e-12
ELECTRA XXL,44,7,firstfix_dur,0.09043494344306828,0.00030277535083606536
ELECTRA XXL,44,8,firstfix_dur,-0.24539471571753751,2.907397815058601e-23
ELECTRA XXL,44,9,firstfix_dur,-0.16854286321864484,1.3054922150993763e-11
ELECTRA XXL,44,10,firstfix_dur,-0.08145831248964913,0.0011418116901815822
ELECTRA XXL,44,11,firstfix_dur,-0.0630134534669415,0.01191156579724027
ELECTRA XXL,44,0,firstrun_dur,-0.20626859949329104,9.317162433595506e-17
ELECTRA XXL,44,1,firstrun_dur,-0.26156215147323403,2.5818224960464418e-26
ELECTRA XXL,44,2,firstrun_dur,-0.19213552541592643,1.0561134957343314e-14
ELECTRA XXL,44,3,firstrun_dur,-0.14126196447817954,1.5109716365268536e-08
ELECTRA XXL,44,4,firstrun_dur,-0.11142426121419072,8.342343645954452e-06
ELECTRA XXL,44,5,firstrun_dur,-0.16511017762034927,3.397092928137484e-11
ELECTRA XXL,44,6,firstrun_dur,-0.17310347076918298,3.552211162882043e-12
ELECTRA XXL,44,7,firstrun_dur,0.10671532586666742,1.9832111916080474e-05
ELECTRA XXL,44,8,firstrun_dur,-0.24386134746019486,5.516708362552075e-23
ELECTRA XXL,44,9,firstrun_dur,-0.18508045434953743,9.821507806820905e-14
ELECTRA XXL,44,10,firstrun_dur,-0.07864921601935909,0.0016866281564785078
ELECTRA XXL,44,11,firstrun_dur,-0.06353451028060764,0.011225813978307716
ELECTRA XXL,44,0,firstrun_nfix,-0.2126825942267624,9.682220730689156e-18
ELECTRA XXL,44,1,firstrun_nfix,-0.2456530418453274,2.6088563419220206e-23
ELECTRA XXL,44,2,firstrun_nfix,-0.17696525673258404,1.1475248284345457e-12
ELECTRA XXL,44,3,firstrun_nfix,-0.1300262071825486,1.9288236942498624e-07
ELECTRA XXL,44,4,firstrun_nfix,-0.09352303192177852,0.00018636318591369854
ELECTRA XXL,44,5,firstrun_nfix,-0.1416685547391949,1.372610715068647e-08
ELECTRA XXL,44,6,firstrun_nfix,-0.1547778788742461,5.359024367115955e-10
ELECTRA XXL,44,7,firstrun_nfix,0.07824722377411046,0.001781720864122627
ELECTRA XXL,44,8,firstrun_nfix,-0.21996574987515294,6.766294785188528e-19
ELECTRA XXL,44,9,firstrun_nfix,-0.18524919059744532,9.320837000766172e-14
ELECTRA XXL,44,10,firstrun_nfix,-0.08971745027462832,0.0003381996580845818
ELECTRA XXL,44,11,firstrun_nfix,-0.058806500055249566,0.01894762137138836
ELECTRA XXL,44,0,nfix,-0.28161880354922336,2.0839758992026302e-30
ELECTRA XXL,44,1,nfix,-0.30353096703110344,2.784439361250158e-35
ELECTRA XXL,44,2,nfix,-0.2304488409626403,1.2393813024959604e-20
ELECTRA XXL,44,3,nfix,-0.17039935849140342,7.718371078394272e-12
ELECTRA XXL,44,4,nfix,-0.15130854489869566,1.299862762451652e-09
ELECTRA XXL,44,5,nfix,-0.208263229432231,4.6443679325266356e-17
ELECTRA XXL,44,6,nfix,-0.2065820083054506,8.355646533027705e-17
ELECTRA XXL,44,7,nfix,0.09775360480510628,9.358362367070181e-05
ELECTRA XXL,44,8,nfix,-0.2744484242515066,6.636152070063603e-29
ELECTRA XXL,44,9,nfix,-0.19886612478330185,1.1600356436391083e-15
ELECTRA XXL,44,10,nfix,-0.0755152367879782,0.0025698981843035353
ELECTRA XXL,44,11,nfix,-0.05428810410913681,0.03031236911089098
